time_s,position_m,C_H2,C_CH4,q_H2,q_CH4,u
0.0,0.005001529323783714,0.03957271336783838,0.022106185810441967,2.4863497243694234e-05,0.0003301797691311492,0.0
0.0,0.010003058647567427,0.039579004456662695,0.020589250038097886,2.4952798946377417e-05,0.0003086467932355884,0.0
0.0,0.01500458797135114,0.03958513057981129,0.019112095094760476,2.5040366328757226e-05,0.0002875320619042229,0.0
0.0,0.020006117295134854,0.039591080128792734,0.01767752017496278,2.5125991219357384e-05,0.0002668857729776676,0.0
0.0,0.025007646618918567,0.03959684130064884,0.016288371336610603,2.520945864482636e-05,0.0002467597639787958,0.0
0.0,0.03000917594270228,0.03960240222564738,0.014947510704661264,2.5290548853391653e-05,0.0002272070240871283,0.0
0.0,0.035010705266485996,0.03960775112202409,0.01365777915216274,2.536903984604698e-05,0.00020828108367829077,0.0
0.0,0.04001223459026971,0.0396128764786807,0.012421952240310256,2.544471044125973e-05,0.00019003527521508308,0.0
0.0,0.04501376391405342,0.0396177672655221,0.011242689494237736,2.551734387739324e-05,0.00017252186448495516,0.0
0.0,0.050015293237837134,0.03962241316950608,0.010122477479798074,2.5586731928022628e-05,0.00015579105817698535,0.0
0.0,0.05501682256162084,0.03962680485248345,0.00906356762743492,2.5652679468897763e-05,0.00013988990257596707,0.0
0.0,0.06001835188540456,0.039630934224581,0.00806791030966695,2.5715009392395878e-05,0.00012486109849872874,0.0
0.0,0.06501988120918828,0.03963479472434575,0.007137087290999957,2.577356771801882e-05,0.00011074176900162055,0.0
0.0,0.07002141053297199,0.03963838159429733,0.006272245288115986,2.5828228699278235e-05,9.756222801179374e-05,0.0
0.0,0.07502293985675569,0.039641692138200554,0.0054740339408767035,2.5878899683049924e-05,8.534480870543621e-05,0.0
0.0,0.08002446918053942,0.039644725944598065,0.004742551922817091,2.592552544319176e-05,7.410281872120334e-05,0.0
0.0,0.08502599850432313,0.03964748506028076,0.00407730512675446,2.5968091692533604e-05,6.383969355590976e-05,0.0
0.0,0.09002752782810684,0.039649974097775084,0.003477180763257807,2.6006627482625255e-05,5.454841821090117e-05,0.0
0.0,0.09502905715189056,0.03965220026287737,0.0029404407414034624,2.6041206233770028e-05,4.621127916094282e-05,0.0
0.0,0.10003058647567427,0.03965417329185512,0.002464736831877157,2.607194520101758e-05,3.879999348279521e-05,0.0
0.0,0.10503211579945798,0.03965590529313256,0.0020471488618229177,2.6099003273273984e-05,3.227623991800276e-05,0.0
0.0,0.11003364512324168,0.03965741049471125,0.0016842456386039545,2.6122577116288056e-05,2.6592589248547985e-05,0.0
0.0,0.1150351744470254,0.03965870490567889,0.001372166585233864,2.6142895795440292e-05,2.1693801181653475e-05,0.0
0.0,0.12003670377080912,0.03965980590718334,0.0011067203799329315,2.616021413716155e-05,1.751842531055366e-05,0.0
0.0,0.12503823309459283,0.03966073179428704,0.0008834954340373823,2.617480519323402e-05,1.400061830177206e-05,0.0
0.0,0.13003976241837656,0.03966150129439792,0.000697976012090402,2.6186952246216774e-05,1.1072071628393553e-05,0.0
0.0,0.13504129174216026,0.03966213308985954,0.0005456573430697659,2.6196940826543223e-05,8.663936388514169e-06,0.0
0.0,0.14004282106594398,0.03966264537149606,0.00042215326253544584,2.620505119800163e-05,6.7086350945116105e-06,0.0
0.0,0.14504435038972768,0.039663055446531426,0.0003232907392544858,2.621155171053892e-05,5.141464256539541e-06,0.0
0.0,0.15004587971351138,0.03966337941881723,0.00024518696377690094,2.6216693326124602e-05,3.9019140632320436e-06,0.0
0.0,0.1550474090372951,0.03966363195244809,0.000184306328537119,2.622070550790519e-05,2.934659316056074e-06,0.0
0.0,0.16004893836107884,0.03966382612253785,0.00013749639202052994,2.6223793540390207e-05,2.1902053086024712e-06,0.0
0.0,0.16505046768486253,0.03966397335003842,0.00010200357917337814,2.6226137233731197e-05,1.6251999896728895e-06,0.0
0.0,0.17005199700864626,0.03966408341176657,7.547074985593821e-05,2.6227890870277235e-05,1.2024466217451096e-06,0.0
0.0,0.17505352633242996,0.03966416451271981,5.5919750914287156e-05,2.622918418416278e-05,8.906673983430147e-07,0.0
0.0,0.1800550556562137,0.03966422340551346,4.17226093889283e-05,2.6230124127557236e-05,6.640774296244425e-07,0.0
0.0,0.1850565849799974,0.03966426554127537,3.156514350148134e-05,2.6230797168843707e-05,5.018305166528291e-07,0.0
0.0,0.1900581143037811,0.03966429523730676,2.4406533256026053e-05,2.6231271883557795e-05,3.8739437756567653e-07,0.0
0.0,0.19505964362756484,0.03966431584885668,1.9437902209637366e-05,2.623160163168333e-05,3.079050876678192e-07,0.0
0.0,0.20006117295134854,0.03966432993499233,1.6042323676622407e-05,2.623182715757648e-05,2.5354020152932817e-07,0.0
0.0,0.20506270227513224,0.03966433941140797,1.3757977840603132e-05,2.623197899474458e-05,2.1693894731123598e-07,0.0
0.0,0.21006423159891596,0.03966434568572491,1.2245531121058003e-05,2.6232079601549408e-05,1.926873112749987e-07,0.0
0.0,0.21506576092269966,0.039664349773194454,1.1260241097263905e-05,2.6232145191976015e-05,1.7687665250220248e-07,0.0
0.0,0.22006729024648336,0.03966435239258299,1.0628839753356516e-05,2.6232187255873943e-05,1.6673719163838544e-07,0.0
0.0,0.22506881957026711,0.03966435404336584,1.023092357370507e-05,2.623221378495197e-05,1.6034244483725603e-07,0.0
0.0,0.2300703488940508,0.039664355066204283,9.984373632451358e-06,2.6232230234772598e-05,1.5637730757786358e-07,0.0
0.0,0.23507187821783454,0.03966435568911936,9.834224479152808e-06,2.623224026023041e-05,1.5396075002023562e-07,0.0
0.0,0.24007340754161824,0.03966435606187812,9.744374566095122e-06,2.6232246263993836e-05,1.5251360397713795e-07,0.0
0.0,0.24507493686540194,0.039664356280992914,9.691559761049684e-06,2.6232249795710584e-05,1.5166232786866222e-07,0.0
0.0,0.25007646618918566,0.039664356407473254,9.661073971088269e-06,2.6232251835811955e-05,1.5117059189073137e-07,0.0
0.0,0.2550779955129694,0.039664356479143036,9.643799799664918e-06,2.6232252992657764e-05,1.50891754316271e-07,0.0
0.0,0.2600795248367531,0.03966435651899679,9.634194682682083e-06,2.6232253636390047e-05,1.507365956286593e-07,0.0
0.0,0.2650810541605368,0.039664356540735385,9.628955609355301e-06,2.623225398777329e-05,1.5065190269825514e-07,0.0
0.0,0.2700825834843205,0.039664356552365665,9.626153493540695e-06,2.623225417585246e-05,1.506065714240154e-07,0.0
0.0,0.27508411280810424,0.03966435655846477,9.624684489026567e-06,2.623225427452748e-05,1.5058278911067157e-07,0.0
0.0,0.28008564213188797,0.03966435656159728,9.623929947616445e-06,2.6232254325248407e-05,1.5057056455280696e-07,0.0
0.0,0.28508717145567164,0.03966435656317023,9.62355039265717e-06,2.6232254350779288e-05,1.5056441074547383e-07,0.0
0.0,0.29008870077945537,0.03966435656394621,9.623363497792563e-06,2.6232254363361902e-05,1.5056137835028586e-07,0.0
0.0,0.2950902301032391,0.03966435656431985,9.623273456704643e-06,2.6232254369426993e-05,1.505599163466038e-07,0.0
0.0,0.30009175942702276,0.039664356564510214,9.62323103543013e-06,2.6232254372297713e-05,1.505592270424762e-07,0.0
0.0,0.30509328875080655,0.039664356564590934,9.623211501311894e-06,2.6232254373614548e-05,1.505589093985292e-07,0.0
0.0,0.3100948180745902,0.03966435656464331,9.623202714605723e-06,2.623225437421888e-05,1.505587664127955e-07,0.0
0.0,0.31509634739837394,0.0396643565646675,9.623198856076524e-06,2.6232254374484434e-05,1.5055870357679442e-07,0.0
0.0,0.32009787672215767,0.039664356564691645,9.623197202950083e-06,2.6232254374607355e-05,1.5055867663581068e-07,0.0
0.0,0.32509940604594134,0.03966435656471579,9.623196512418301e-06,2.6232254374668003e-05,1.505586653738869e-07,0.0
0.0,0.33010093536972507,0.03966435656473994,9.62319623140347e-06,2.623225437470213e-05,1.5055866078738574e-07,0.0
0.0,0.33510246469350885,0.03966435656476409,9.623196120086263e-06,2.623225437472526e-05,1.50558658969181e-07,0.0
0.0,0.3401039940172925,0.039664356564788235,9.62319607721268e-06,2.6232254374743944e-05,1.5055865826835793e-07,0.0
0.0,0.34510552334107625,0.03966435656481238,9.623196061187387e-06,2.62322543747609e-05,1.505586580061819e-07,0.0
0.0,0.3501070526648599,0.03966435656483653,9.623196055397454e-06,2.623225437477718e-05,1.505586579113551e-07,0.0
0.0,0.35510858198864365,0.03966435656486068,9.623196053393139e-06,2.6232254374793214e-05,1.505586578784714e-07,0.0
0.0,0.3601101113124274,0.039664356564884824,9.623196052753907e-06,2.6232254374809162e-05,1.5055865786793935e-07,0.0
0.0,0.3651116406362111,0.03966435656490897,9.623196052591397e-06,2.6232254374825076e-05,1.5055865786527618e-07,0.0
0.0,0.3701131699599948,0.03966435656493312,9.623196052531337e-06,2.6232254374840984e-05,1.5055865786433618e-07,0.0
0.0,0.3751146992837785,0.039664356564957266,9.623196052471277e-06,2.6232254374856894e-05,1.5055865786339616e-07,0.0
0.0,0.3801162286075622,0.039664356564981414,9.62319605241122e-06,2.623225437487281e-05,1.5055865786245622e-07,0.0
0.0,0.3851177579313459,0.03966435656500556,9.62319605235116e-06,2.6232254374888716e-05,1.505586578615162e-07,0.0
0.0,0.3901192872551297,0.03966435656502971,9.623196052291102e-06,2.6232254374904623e-05,1.505586578605762e-07,0.0
0.0,0.39512081657891335,0.039664356565053856,9.623196052231042e-06,2.623225437492053e-05,1.505586578596362e-07,0.0
0.0,0.4001223459026971,0.039664356565078,9.623196052170982e-06,2.6232254374936444e-05,1.505586578586962e-07,0.0
0.0,0.40512387522648075,0.03966435656510215,9.623196052110924e-06,2.623225437495235e-05,1.5055865785775622e-07,0.0
0.0,0.41012540455026447,0.0396643565651263,9.623196052050864e-06,2.6232254374968262e-05,1.505586578568162e-07,0.0
0.0,0.41512693387404825,0.039664356565150445,9.623196051990806e-06,2.623225437498417e-05,1.505586578558762e-07,0.0
0.0,0.4201284631978319,0.03966435656517459,9.623196051930747e-06,2.6232254375000077e-05,1.505586578549362e-07,0.0
0.0,0.42512999252161565,0.03966435656519874,9.623196051870687e-06,2.623225437501599e-05,1.5055865785399624e-07,0.0
0.0,0.4301315218453993,0.039664356565222894,9.623196051810629e-06,2.6232254375031898e-05,1.5055865785305624e-07,0.0
0.0,0.43513305116918305,0.03966435656524704,9.62319605175057e-06,2.6232254375047812e-05,1.5055865785211627e-07,0.0
0.0,0.4401345804929667,0.03966435656527119,9.623196051690511e-06,2.623225437506372e-05,1.5055865785117623e-07,0.0
0.0,0.4451361098167505,0.039664356565295336,9.623196051630451e-06,2.6232254375079627e-05,1.5055865785023623e-07,0.0
0.0,0.45013763914053423,0.039664356565319484,9.623196051570392e-06,2.623225437509554e-05,1.5055865784929626e-07,0.0
0.0,0.4551391684643179,0.03966435656534363,9.623196051510334e-06,2.6232254375111448e-05,1.5055865784835627e-07,0.0
0.0,0.4601406977881016,0.03966435656536778,9.623196051450274e-06,2.6232254375127355e-05,1.5055865784741627e-07,0.0
0.0,0.4651422271118853,0.039664356565391926,9.623196051390216e-06,2.6232254375143266e-05,1.5055865784647625e-07,0.0
0.0,0.4701437564356691,0.03966435656541607,9.623196051330156e-06,2.6232254375159173e-05,1.5055865784553628e-07,0.0
0.0,0.4751452857594528,0.03966435656544022,9.623196051270097e-06,2.6232254375175087e-05,1.5055865784459626e-07,0.0
0.0,0.4801468150832365,0.03966435656546437,9.623196051210039e-06,2.6232254375190995e-05,1.505586578436563e-07,0.0
0.0,0.4851483444070202,0.039664356565488515,9.623196051149979e-06,2.623225437520691e-05,1.505586578427163e-07,0.0
0.0,0.4901498737308039,0.03966435656551266,9.62319605108992e-06,2.6232254375222816e-05,1.505586578417763e-07,0.0
0.0,0.49515140305458766,0.03966435656553681,9.623196051029861e-06,2.6232254375238723e-05,1.505586578408363e-07,0.0
0.0,0.5001529323783713,0.03966435656556096,9.623196050969801e-06,2.6232254375254634e-05,1.505586578398963e-07,0.0
6.251911654729641,0.005001529323783714,0.36470471887326156,0.6101786138538766,9.731291031896992e-05,0.0038515652515228645,0.09999999999996362
6.251911654729641,0.010003058647567427,0.36470471887343214,0.6101786138537051,9.731291031903072e-05,0.0038515652515223866,0.09999999999992722
6.251911654729641,0.01500458797135114,0.3647047188736028,0.6101786138535336,9.731291031909152e-05,0.0038515652515219087,0.09999999999989084
6.251911654729641,0.020006117295134854,0.3647047188737734,0.610178613853362,9.731291031915231e-05,0.0038515652515214304,0.09999999999985447
6.251911654729641,0.025007646618918567,0.36470471887394407,0.6101786138531905,9.731291031921312e-05,0.0038515652515209524,0.0999999999998181
6.251911654729641,0.03000917594270228,0.3647047188741146,0.610178613853019,9.73129103192739e-05,0.0038515652515204745,0.09999999999978174
6.251911654729641,0.035010705266485996,0.3647047188742851,0.6101786138528476,9.731291031933466e-05,0.0038515652515199966,0.09999999999974538
6.251911654729641,0.04001223459026971,0.36470471887445566,0.610178613852676,9.731291031939545e-05,0.0038515652515195183,0.09999999999970902
6.251911654729641,0.04501376391405342,0.3647047188746263,0.6101786138525045,9.731291031945627e-05,0.00385156525151904,0.09999999999967263
6.251911654729641,0.050015293237837134,0.36470471887479694,0.610178613852333,9.731291031951708e-05,0.0038515652515185616,0.09999999999963623
6.251911654729641,0.05501682256162084,0.3647047188749676,0.6101786138521614,9.731291031957786e-05,0.0038515652515180836,0.09999999999959985
6.251911654729641,0.06001835188540456,0.36470471887513817,0.6101786138519899,9.731291031963867e-05,0.0038515652515176057,0.09999999999956347
6.251911654729641,0.06501988120918828,0.3647047188753088,0.6101786138518184,9.731291031969948e-05,0.003851565251517128,0.09999999999952709
6.251911654729641,0.07002141053297199,0.36470471887547934,0.6101786138516468,9.731291031976025e-05,0.0038515652515166495,0.09999999999949073
6.251911654729641,0.07502293985675569,0.3647047188756499,0.6101786138514753,9.731291031982102e-05,0.0038515652515161715,0.09999999999945437
6.251911654729641,0.08002446918053942,0.3647047188758205,0.6101786138513038,9.731291031988186e-05,0.0038515652515156928,0.09999999999941799
6.251911654729641,0.08502599850432313,0.36470471887599115,0.6101786138511323,9.731291031994267e-05,0.003851565251515215,0.09999999999938158
6.251911654729641,0.09002752782810684,0.3647047188764189,0.6101786138507074,9.731291032014193e-05,0.0038515652515130425,0.09999999999930487
6.251911654729641,0.09502905715189056,0.36470471887917194,0.6101786138478442,9.731291032156602e-05,0.0038515652514955856,0.09999999999883193
6.251911654729641,0.10003058647567427,0.3647047188972449,0.6101786138290929,9.731291033088493e-05,0.003851565251381351,0.09999999999576298
6.251911654729641,0.10503211579945798,0.36470471901423585,0.6101786137077166,9.731291039117355e-05,0.0038515652506425596,0.09999999997591522
6.251911654729641,0.11003364512324168,0.36470471977319374,0.6101786129203219,9.73129107823424e-05,0.0038515652458483516,0.09999999984715331
6.251911654729641,0.1150351744470254,0.364704724717259,0.6101786077910056,9.731291333117864e-05,0.0038515652146022075,0.09999999900823608
6.251911654729641,0.12003670377080912,0.36470475705872124,0.6101785742376726,9.731293000854516e-05,0.003851565010107887,0.09999999351963962
6.251911654729641,0.12503823309459283,0.3647049694393376,0.6101783538985521,9.731303955150081e-05,0.0038515636666326242,0.09999995747189015
6.251911654729641,0.13003976241837656,0.3647063690161939,0.6101769018734813,9.73137615880456e-05,0.0038515548096359903,0.09999971988970792
6.251911654729641,0.13504129174216026,0.3647156211126379,0.6101673030502036,9.731853567246703e-05,0.0038514962381476286,0.0999981491940084
6.251911654729641,0.14004282106594398,0.36477694218994666,0.6101036839518934,9.735018506976509e-05,0.003851107916808452,0.09998774034411635
6.251911654729641,0.14504435038972768,0.36518374041243806,0.6096816444481746,9.756027872533645e-05,0.0038485312688048235,0.09991879204771
6.251911654729641,0.15004587971351138,0.3678600917745507,0.6069051876639484,9.894716332394749e-05,0.0038315819204558493,0.09946980667576413
6.251911654729641,0.1550474090372951,0.38437055016133137,0.5897830384598611,0.00010767889029093122,0.003727134907197193,0.09686338555800558
6.251911654729641,0.16004893836107884,0.4583564321138278,0.5131438969999655,0.00015067521348595837,0.0032551943070877787,0.08761151910705933
6.251911654729641,0.16505046768486253,0.6146144196169052,0.3515471285618464,0.00026193095153818685,0.002226636607828,0.07445748160745234
6.251911654729641,0.17005199700864626,0.7693342434175346,0.19172204310106106,0.000395057131874415,0.0012027333719208657,0.06506967994665709
6.251911654729641,0.17505352633242996,0.8665209434614563,0.09138339476268334,0.00048786859341775425,0.000570629688295745,0.06016205426821846
6.251911654729641,0.1800550556562137,0.9154114749399497,0.04091923383441906,0.0005368381169175078,0.00025671921296566174,0.05789949734106568
6.251911654729641,0.1850565849799974,0.9376897420708674,0.017926156065319016,0.0005596538056704271,0.00011423174727245866,0.05690742892887371
6.251911654729641,0.1900581143037811,0.9474380264366975,0.00786544772723937,0.0005697666976066527,5.1639658905747094e-05,0.05648025445907049
6.251911654729641,0.19505964362756484,0.9516498749818141,0.003518626891352013,0.00057418780124205,2.4263821825521137e-05,0.056296761138699004
6.251911654729641,0.20006117295134854,0.9534754303027115,0.001634534363478652,0.0005761350991579189,1.2113931358732413e-05,0.05621727368445754
6.251911654729641,0.20506270227513224,0.9542796775813115,0.0008044656133933357,0.0005770148867263802,6.54089714011806e-06,0.05618214773609495
6.251911654729641,0.21006423159891596,0.9546452702027789,0.0004271124848884449,0.0005774305976116413,3.844922696145728e-06,0.05616607500335594
6.251911654729641,0.21506576092269966,0.9548199230595975,0.0002468282449446834,0.0005776401899081767,2.4429756440256616e-06,0.056158317738590584
6.251911654729641,0.22006729024648336,0.9549092618936709,0.00015460327055164726,0.0005777546049372761,1.6510529274667355e-06,0.056154296764023975
6.251911654729641,0.22506881957026711,0.9549587853277504,0.000103479838902744,0.0005778223627565942,1.1670692308880357e-06,0.05615203560745308
6.251911654729641,0.2300703488940508,0.9549884992834099,7.280932398673241e-05,0.0005778653703912321,8.522686056660533e-07,0.05615066136747518
6.251911654729641,0.23507187821783454,0.9550075256614292,5.317591348394476e-05,0.0005778940522191293,6.388549139183468e-07,0.056149772946167145
6.251911654729641,0.24007340754161824,0.9550202693809257,4.0032109077642344e-05,0.0005779137569207057,4.908143574062905e-07,0.056149174368812865
6.251911654729641,0.24507493686540194,0.9550290324132542,3.100096879567602e-05,0.0005779274905289137,3.871328704933267e-07,0.056148761663529195
6.251911654729641,0.25007646618918566,0.9550351325737927,2.4721468027332767e-05,0.0005779371015940234,3.1445304787870716e-07,0.056148474350442734
6.251911654729641,0.2550779955129694,0.9550393920289499,2.0344323489965833e-05,0.0005779438120110379,2.6372881653588925e-07,0.056148274170592566
6.251911654729641,0.2600795248367531,0.9550423587921187,1.7303371986577544e-05,0.0005779484687052783,2.2859386109602666e-07,0.05614813536495444
6.251911654729641,0.2650810541605368,0.9550444137449565,1.5205086565072592e-05,0.000577951673739457,2.0448467036879565e-07,0.0561480399172154
6.251911654729641,0.2700825834843205,0.9550458273062776,1.3770059407825302e-05,0.0005779538591950582,1.8811379157993034e-07,0.05614797499155042
6.251911654729641,0.27508411280810424,0.9550467928312134,1.2798504659912604e-05,0.0005779553350353162,1.7712056167274486e-07,0.05614793139510113
6.251911654729641,0.28008564213188797,0.9550474483325576,1.2147818867487917e-05,0.0005779563222388066,1.6982311576553003e-07,0.056147902562911495
6.251911654729641,0.28508717145567164,0.95504789164532,1.171691326946295e-05,0.0005779569768531166,1.6503569869387916e-07,0.05614788384198732
6.251911654729641,0.29008870077945537,0.9550481914474178,1.1434826737133653e-05,0.0005779574078308144,1.6193223473154434e-07,0.05614787196790343
6.251911654729641,0.2950902301032391,0.9550483954021862,1.1252312211370301e-05,0.0005779576903092227,1.599444935205045e-07,0.05614786467695722
6.251911654729641,0.30009175942702276,0.9550485361841249,1.113561019835152e-05,0.0005779578754418934,1.5868670742521366e-07,0.056147860418823026
6.251911654729641,0.30509328875080655,0.9550486359078534,1.1061872187262054e-05,0.0005779579975982339,1.579004552572118e-07,0.05614785814533405
6.251911654729641,0.3100948180745902,0.955048709346858,1.1015834626842994e-05,0.000577958079564883,1.5741493844583838e-07,0.05614785715705877
6.251911654729641,0.31509634739837394,0.9550487662411622,1.0987434358592175e-05,0.0005779581362481689,1.5711878524756103e-07,0.056147856993398026
6.251911654729641,0.32009787672215767,0.9550488129276741,1.0970123972315622e-05,0.0005779581772692913,1.5694034930872964e-07,0.05614785735502109
6.251911654729641,0.32509940604594134,0.9550488534746643,1.095969955122546e-05,0.0005779582087552715,1.5683415865480338e-07,0.056147858049955646
6.251911654729641,0.33010093536972507,0.9550488904592136,1.0953497348746495e-05,0.00057795823455581,1.5677174013271392e-07,0.05614785895668866
6.251911654729641,0.33510246469350885,0.9550489254918453,1.0949851686551868e-05,0.0005779582570572761,1.567355035413742e-07,0.056147859999298305
6.251911654729641,0.3401039940172925,0.9550489595652125,1.0947734648042741e-05,0.000577958277718932,1.56714727304529e-07,0.05614786113094625
6.251911654729641,0.34510552334107625,0.955048993282385,1.0946520173938748e-05,0.0005779582974208813,1.5670296332979016e-07,0.056147862323084385
6.251911654729641,0.3501070526648599,0.9550490270040443,1.0945831944186926e-05,0.0005779583166863448,1.5669638558124273e-07,0.05614786355850432
6.251911654729641,0.35510858198864365,0.9550490609420044,1.0945446708288753e-05,0.0005779583358216209,1.5669275413682038e-07,0.05614786482692552
6.251911654729641,0.3601101113124274,0.9550490952177718,1.0945233730683409e-05,0.0005779583550029448,1.56690774733607e-07,0.05614786612223532
6.251911654729641,0.3651116406362111,0.9550491298985959,1.094511745980673e-05,0.0005779583743294394,1.5668970983420809e-07,0.056147867440787425
6.251911654729641,0.3701131699599948,0.9550491650193068,1.0945054805695245e-05,0.0005779583938549986,1.5668914475393646e-07,0.05614786878036271
6.251911654729641,0.3751146992837785,0.9550492005950914,1.0945021491123992e-05,0.0005779584136070051,1.5668884899257437e-07,0.05614787013952807
6.251911654729641,0.3801162286075622,0.9550492366278635,1.0945004034403323e-05,0.0005779584335962804,1.5668869665381006e-07,0.056147871517201124
6.251911654729641,0.3851177579313459,0.9550492731060549,1.09449950478408e-05,0.0005779584538198743,1.566886198136797e-07,0.05614787291218775
6.251911654729641,0.3901192872551297,0.955049309990639,1.0944990510964342e-05,0.0005779584742519455,1.5668858179026916e-07,0.0561478743221816
6.251911654729641,0.39512081657891335,0.9550493471580385,1.0944988291639702e-05,0.0005779584948004565,1.566885637621848e-07,0.056147875740606625
6.251911654729641,0.4001223459026971,0.9550493841944092,1.0944987271944562e-05,0.0005779585151487557,1.5668855598589257e-07,0.05614787714566626
6.251911654729641,0.40512387522648075,0.9550494196667481,1.0944986845153792e-05,0.0005779585341925475,1.5668855287472422e-07,0.056147878461784706
6.251911654729641,0.41012540455026447,0.9550494485466909,1.0944986730154677e-05,0.0005779585480488168,1.5668855224958286e-07,0.056147879423479465
6.251911654729641,0.41512693387404825,0.955049453109907,1.0944986809315811e-05,0.0005779585430222963,1.5668855280579615e-07,0.056147879094522096
6.251911654729641,0.4201284631978319,0.9550493707879391,1.0944987067515726e-05,0.000577958470758713,1.566885527370192e-07,0.056147874169408855
6.251911654729641,0.42512999252161565,0.955048980605156,1.0944987805084549e-05,0.0005779581604736132,1.5668855050136316e-07,0.05614785297339042
6.251911654729641,0.4301315218453993,0.9550475020234255,1.0944990129746706e-05,0.0005779570089083517,1.5668853936161496e-07,0.0561477742682697
6.251911654729641,0.43513305116918305,0.9550421779289109,1.0944997943878938e-05,0.0005779528851794878,1.56688495039049e-07,0.05614749239241418
6.251911654729641,0.4401345804929667,0.9550232698643778,1.0945025212539545e-05,0.0005779382631496066,1.5668833578190917e-07,0.056146492923139606
6.251911654729641,0.4451361098167505,0.9549563889798715,1.0945121059612384e-05,0.0005778865713138138,1.566877696841982e-07,0.05614296021145252
6.251911654729641,0.45013763914053423,0.9547202080353427,1.094545762190146e-05,0.0005777041262200343,1.5668576735936353e-07,0.05613049965579793
6.251911654729641,0.4551391684643179,0.9538880154597829,1.0946626971743122e-05,0.0005770622134102288,1.5667872525386377e-07,0.056086757591935155
6.251911654729641,0.4601406977881016,0.9509754684609899,1.095053457950934e-05,0.000574826340935979,1.5665424031668314e-07,0.05593555619847697
6.251911654729641,0.4651422271118853,0.9410099459254282,1.0962068983809026e-05,0.0005672866131875602,1.565720927037607e-07,0.055437697938732856
6.251911654729641,0.4701437564356691,0.9092321416669334,1.0985355076551285e-05,0.0005441006083687183,1.5632198986417703e-07,0.05400107555751184
6.251911654729641,0.4751452857594528,0.8246454784889908,1.0988656250697222e-05,0.00048625757837379946,1.5570458183934254e-07,0.05085569131457893
6.251911654729641,0.4801468150832365,0.6634154930332371,1.0868079530782711e-05,0.0003841389220406593,1.546141638271434e-07,0.04626234358115174
6.251911654729641,0.4851483444070202,0.46154684225406944,1.0578845190908606e-05,0.00026397427332006454,1.5330799304767735e-07,0.041807386941354864
6.251911654729641,0.4901498737308039,0.28794327562149863,1.0240471095719231e-05,0.00016453421787566427,1.521940574795967e-07,0.038625041488791784
6.251911654729641,0.49515140305458766,0.17290518114042128,9.975034882850127e-06,9.998221530826975e-05,1.514473014156228e-07,0.03673994663008389
6.251911654729641,0.5001529323783713,0.1075219426662602,9.808964949840658e-06,6.366988171074099e-05,1.510158291168237e-07,0.0357317445755249
12.503823309459282,0.005001529323783714,0.36470471887326156,0.6101786138538766,9.731291031896992e-05,0.0038515652515228645,0.09999999999996362
12.503823309459282,0.010003058647567427,0.36470471887343214,0.6101786138537051,9.731291031903072e-05,0.0038515652515223866,0.09999999999992722
12.503823309459282,0.01500458797135114,0.3647047188736028,0.6101786138535336,9.731291031909152e-05,0.0038515652515219087,0.09999999999989084
12.503823309459282,0.020006117295134854,0.3647047188737734,0.610178613853362,9.731291031915231e-05,0.0038515652515214304,0.09999999999985447
12.503823309459282,0.025007646618918567,0.36470471887394407,0.6101786138531905,9.731291031921312e-05,0.0038515652515209524,0.0999999999998181
12.503823309459282,0.03000917594270228,0.3647047188741146,0.610178613853019,9.73129103192739e-05,0.0038515652515204745,0.09999999999978174
12.503823309459282,0.035010705266485996,0.3647047188742851,0.6101786138528476,9.731291031933466e-05,0.0038515652515199966,0.09999999999974538
12.503823309459282,0.04001223459026971,0.36470471887445566,0.610178613852676,9.731291031939545e-05,0.0038515652515195183,0.09999999999970902
12.503823309459282,0.04501376391405342,0.3647047188746263,0.6101786138525045,9.731291031945627e-05,0.00385156525151904,0.09999999999967263
12.503823309459282,0.050015293237837134,0.36470471887479694,0.610178613852333,9.731291031951708e-05,0.0038515652515185616,0.09999999999963623
12.503823309459282,0.05501682256162084,0.3647047188749676,0.6101786138521614,9.731291031957786e-05,0.0038515652515180836,0.09999999999959985
12.503823309459282,0.06001835188540456,0.36470471887513817,0.6101786138519899,9.731291031963867e-05,0.0038515652515176057,0.09999999999956347
12.503823309459282,0.06501988120918828,0.3647047188753088,0.6101786138518184,9.731291031969948e-05,0.003851565251517128,0.09999999999952709
12.503823309459282,0.07002141053297199,0.36470471887547934,0.6101786138516468,9.731291031976025e-05,0.0038515652515166495,0.09999999999949073
12.503823309459282,0.07502293985675569,0.3647047188756499,0.6101786138514753,9.731291031982102e-05,0.0038515652515161715,0.09999999999945437
12.503823309459282,0.08002446918053942,0.3647047188758205,0.6101786138513038,9.731291031988186e-05,0.0038515652515156928,0.09999999999941799
12.503823309459282,0.08502599850432313,0.36470471887599115,0.6101786138511323,9.731291031994267e-05,0.003851565251515215,0.09999999999938158
12.503823309459282,0.09002752782810684,0.3647047188761618,0.6101786138509607,9.731291032000345e-05,0.003851565251514737,0.09999999999934521
12.503823309459282,0.09502905715189056,0.36470471887633243,0.6101786138507892,9.731291032006425e-05,0.003851565251514259,0.09999999999930881
12.503823309459282,0.10003058647567427,0.364704718876503,0.6101786138506177,9.731291032012506e-05,0.0038515652515137807,0.09999999999927243
12.503823309459282,0.10503211579945798,0.36470471887667366,0.6101786138504461,9.731291032018586e-05,0.0038515652515133027,0.09999999999923606
12.503823309459282,0.11003364512324168,0.3647047188768443,0.6101786138502746,9.731291032024665e-05,0.003851565251512825,0.09999999999919969
12.503823309459282,0.1150351744470254,0.36470471887701494,0.6101786138501031,9.731291032030749e-05,0.003851565251512346,0.0999999999991633
12.503823309459282,0.12003670377080912,0.3647047188771855,0.6101786138499317,9.731291032036823e-05,0.003851565251511869,0.09999999999912694
12.503823309459282,0.12503823309459283,0.364704718877356,0.6101786138497601,9.731291032042902e-05,0.0038515652515113906,0.09999999999909058
12.503823309459282,0.13003976241837656,0.36470471887752665,0.6101786138495886,9.731291032048984e-05,0.003851565251510912,0.09999999999905418
12.503823309459282,0.13504129174216026,0.3647047188776973,0.6101786138494171,9.731291032055064e-05,0.003851565251510434,0.09999999999901779
12.503823309459282,0.14004282106594398,0.3647047188778679,0.6101786138492455,9.731291032061143e-05,0.003851565251509956,0.0999999999989814
12.503823309459282,0.14504435038972768,0.3647047188780385,0.610178613849074,9.731291032067224e-05,0.003851565251509478,0.09999999999894503
12.503823309459282,0.15004587971351138,0.36470471887820916,0.6101786138489025,9.731291032073304e-05,0.003851565251509,0.09999999999890866
12.503823309459282,0.1550474090372951,0.3647047188783797,0.610178613848731,9.731291032079381e-05,0.003851565251508522,0.0999999999988723
12.503823309459282,0.16004893836107884,0.3647047188785502,0.6101786138485594,9.731291032085459e-05,0.003851565251508044,0.09999999999883594
12.503823309459282,0.16505046768486253,0.36470471887872086,0.6101786138483879,9.731291032091543e-05,0.003851565251507565,0.09999999999879955
12.503823309459282,0.17005199700864626,0.3647047188788915,0.6101786138482164,9.731291032097621e-05,0.0038515652515070872,0.09999999999876315
12.503823309459282,0.17505352633242996,0.3647047188790621,0.6101786138480448,9.731291032103702e-05,0.0038515652515066093,0.09999999999872677
12.503823309459282,0.1800550556562137,0.3647047188792327,0.6101786138478733,9.731291032109782e-05,0.0038515652515061314,0.09999999999869039
12.503823309459282,0.1850565849799974,0.36470471887940337,0.6101786138477018,9.731291032115862e-05,0.003851565251505653,0.09999999999865401
12.503823309459282,0.1900581143037811,0.3647047188795739,0.6101786138475302,9.73129103212194e-05,0.003851565251505175,0.09999999999861765
12.503823309459282,0.19505964362756484,0.36470471887974454,0.6101786138473587,9.73129103212802e-05,0.003851565251504697,0.09999999999858128
12.503823309459282,0.20006117295134854,0.3647047188799152,0.6101786138471872,9.731291032134102e-05,0.0038515652515042184,0.09999999999854489
12.503823309459282,0.20506270227513224,0.36470471888008577,0.6101786138470157,9.731291032140183e-05,0.0038515652515037405,0.0999999999985085
12.503823309459282,0.21006423159891596,0.3647047188802564,0.6101786138468441,9.731291032146261e-05,0.0038515652515032626,0.09999999999847212
12.503823309459282,0.21506576092269966,0.36470471888042705,0.6101786138466726,9.731291032152342e-05,0.0038515652515027842,0.09999999999843574
12.503823309459282,0.22006729024648336,0.3647047188805977,0.6101786138465011,9.73129103215842e-05,0.0038515652515023063,0.09999999999839937
12.503823309459282,0.22506881957026711,0.3647047188807683,0.6101786138463295,9.731291032164503e-05,0.0038515652515018284,0.099999999998363
12.503823309459282,0.2300703488940508,0.3647047188809389,0.610178613846158,9.731291032170581e-05,0.0038515652515013505,0.09999999999832662
12.503823309459282,0.23507187821783454,0.36470471888110945,0.6101786138459866,9.73129103217666e-05,0.003851565251500872,0.09999999999829026
12.503823309459282,0.24007340754161824,0.36470471888128003,0.6101786138458151,9.731291032182736e-05,0.0038515652515003942,0.0999999999982539
12.503823309459282,0.24507493686540194,0.36470471888145056,0.6101786138456435,9.731291032188815e-05,0.0038515652514999163,0.09999999999821754
12.503823309459282,0.25007646618918566,0.3647047188816225,0.6101786138454708,9.731291032195002e-05,0.003851565251499434,0.09999999999818138
12.503823309459282,0.2550779955129694,0.3647047188828061,0.610178613844251,9.731291032256229e-05,0.0038515652514920003,0.09999999999797783
12.503823309459282,0.2600795248367531,0.3647047188909128,0.610178613835844,9.731291032675437e-05,0.003851565251440505,0.09999999999659887
12.503823309459282,0.2650810541605368,0.3647047189458352,0.610178613778864,9.73129103551345e-05,0.0038515652510918764,0.09999999998726578
12.503823309459282,0.2700825834843205,0.3647047193164169,0.6101786133943903,9.731291054658338e-05,0.0038515652487404826,0.09999999992430349
12.503823309459282,0.27508411280810424,0.36470472181523245,0.6101786108019068,9.731291183746817e-05,0.0038515652328861747,0.09999999949976492
12.503823309459282,0.28008564213188797,0.3647047386634887,0.6101785933221048,9.731292054122333e-05,0.0038515651259892667,0.09999999663732885
12.503823309459282,0.28508717145567164,0.3647048522654724,0.6101784754618347,9.731297922773878e-05,0.003851564405218161,0.09999997733690608
12.503823309459282,0.29008870077945537,0.36470561826535136,0.6101776807490438,9.731337494252971e-05,0.0038515595451588925,0.09999984719752039
12.503823309459282,0.2950902301032391,0.3647107833057333,0.6101723221017192,9.731604321798276e-05,0.003851526774327825,0.09999896970096439
12.503823309459282,0.30009175942702276,0.3647456064686351,0.6101361936527219,9.733403374707528e-05,0.0038513058312006506,0.09999305433988226
12.503823309459282,0.30509328875080655,0.3649801754296893,0.6098928336127294,9.745525249078233e-05,0.0038498176102217643,0.09995324482144625
12.503823309459282,0.3100948180745902,0.3665505439662763,0.6082636706063687,9.826831996659062e-05,0.003839856764939021,0.09968834973296105
12.503823309459282,0.31509634739837394,0.3766497160262688,0.5977886799793705,0.0001035621051189681,0.003775865596354831,0.09804832338326708
12.503823309459282,0.32009787672215767,0.42876403239297944,0.543783162240999,0.00013273331580203058,0.003444677126187611,0.09093326268961652
12.503823309459282,0.32509940604594134,0.5681025447593355,0.39962226377181903,0.00022623671403644585,0.0025333125631965465,0.07784118806045724
12.503823309459282,0.33010093536972507,0.733054431469074,0.22918688995758774,0.00036244333642587284,0.00143692966314947,0.06707447089568688
12.503823309459282,0.33510246469350885,0.8467830894513626,0.11175727209160106,0.0004689795564979114,0.0006928208401873782,0.061117592164092495
12.503823309459282,0.3401039940172925,0.9064148016742052,0.050203498202612044,0.0005281824406489405,0.00030925029046660916,0.05831334071392739
12.503823309459282,0.34510552334107625,0.9340031340155575,0.02172957931173576,0.0005562621966683258,0.00013349033337782965,0.05707721184375585
12.503823309459282,0.3501070526648599,0.9460879110503695,0.009257559379939325,0.0005686920187853564,5.684686745023784e-05,0.056546940522031255
12.503823309459282,0.35510858198864365,0.9512592922709697,0.003920592048417064,0.0005740346435195752,2.4113679826561545e-05,0.05632203353146677
12.503823309459282,0.3601101113124274,0.9534504906388389,0.0016592549045236023,0.0005763026524832352,1.02554300769347e-05,0.05622709419759236
12.503823309459282,0.3651116406362111,0.9543750897487356,0.0007050635696693305,0.0005772604423734157,4.409572270189752e-06,0.056187096730214096
12.503823309459282,0.3701131699599948,0.9547645637169969,0.0003031244392428532,0.0005776640521392406,1.947235050905951e-06,0.056170259408268676
12.503823309459282,0.3751146992837785,0.9549285131434582,0.00013392761916591417,0.0005778339903454994,9.106253011057471e-07,0.056163173579826864
12.503823309459282,0.3801162286075622,0.9549975134950239,6.271884184434038e-05,0.0005779055250425205,4.7426548425989766e-07,0.05616019169047276
12.503823309459282,0.3851177579313459,0.9550265542004515,3.2748783551740945e-05,0.0005779356394353675,2.90548505917602e-07,0.056158936701834354
12.503823309459282,0.3901192872551297,0.9550387792151752,2.0132676344898578e-05,0.0005779483206214193,2.1316919209812517e-07,0.056158408387588725
12.503823309459282,0.39512081657891335,0.9550439273511626,1.4819941543930246e-05,0.0005779536634890185,1.8055671993493922e-07,0.05615818589395141
12.503823309459282,0.4001223459026971,0.9550460965709503,1.2581439457075105e-05,0.000577955916429326,1.6679797152072566e-07,0.05615809213596476
12.503823309459282,0.40512387522648075,0.9550470114238411,1.163743754052807e-05,0.000577956867638604,1.6098458704446485e-07,0.05615805259099679
12.503823309459282,0.41012540455026447,0.9550473978045113,1.1238824830520347e-05,0.0005779572700180605,1.585228181345053e-07,0.0561580358902708
12.503823309459282,0.41512693387404825,0.9550475613560543,1.1070184487994867e-05,0.0005779574407246824,1.574769483604458e-07,0.05615802882462963
12.503823309459282,0.4201284631978319,0.9550476308368204,1.099863822061112e-05,0.0005779575134617289,1.5703053431647451e-07,0.05615802582847073
12.503823309459282,0.42512999252161565,0.9550476605316482,1.0968161825924352e-05,0.0005779575446602122,1.5683872649824358e-07,0.05615802455466748
12.503823309459282,0.4301315218453993,0.9550476733553801,1.0955105404537907e-05,0.0005779575581797414,1.567555572489419e-07,0.05615802401209128
12.503823309459282,0.43513305116918305,0.9550476789991771,1.0949467194379454e-05,0.0005779575641350306,1.5671904773879034e-07,0.05615802378140803
12.503823309459282,0.4401345804929667,0.9550476815731493,1.0947005948917596e-05,0.0005779575668304718,1.567027615240422e-07,0.056158023684697245
12.503823309459282,0.4451361098167505,0.9550476828274933,1.0945916109426355e-05,0.0005779575681079202,1.5669534911883076e-07,0.05615802364615329
12.503823309459282,0.45013763914053423,0.9550476835117777,1.0945424702671822e-05,0.0005779575687616255,1.566918937828852e-07,0.05615802363328487
12.503823309459282,0.4551391684643179,0.9550476839496415,1.0945198198255367e-05,0.000577957569137783,1.5669023916768338e-07,0.056158023632052224
12.503823309459282,0.4601406977881016,0.9550476842824738,1.0945091120079734e-05,0.0005779575693895099,1.5668942413584265e-07,0.056158023636322385
12.503823309459282,0.4651422271118853,0.9550476845730832,1.0945039098492879e-05,0.0005779575695858704,1.5668901144563949e-07,0.0561580236433826
12.503823309459282,0.4701437564356691,0.9550476848500649,1.0945013122588273e-05,0.0005779575697588105,1.56688797245751e-07,0.05615802365201558
12.503823309459282,0.4751452857594528,0.9550476851268994,1.0944999819353806e-05,0.0005779575699235892,1.5668868381701918e-07,0.05615802366166875
12.503823309459282,0.4801468150832365,0.9550476854102693,1.0944992860904688e-05,0.0005779575700877903,1.5668862291289644e-07,0.05615802367209058
12.503823309459282,0.4851483444070202,0.9550476857037337,1.0944989166278798e-05,0.0005779575702553778,1.5668859000680462e-07,0.0561580236831695
12.503823309459282,0.4901498737308039,0.9550476860093828,1.0944987191111188e-05,0.0005779575704285598,1.5668857229149222e-07,0.05615802369486105
12.503823309459282,0.49515140305458766,0.9550476863286051,1.0944986139545555e-05,0.0005779575706086712,1.5668856292314564e-07,0.056158023707153996
12.503823309459282,0.5001529323783713,0.9550476866624495,1.094498559127683e-05,0.0005779575707966064,1.566885581767084e-07,0.056158023720054566
18.38172060135638,0.005001529323783714,0.36470471887326156,0.6101786138538766,9.731291031896992e-05,0.0038515652515228645,0.09999999999996362
18.38172060135638,0.010003058647567427,0.36470471887343214,0.6101786138537051,9.731291031903072e-05,0.0038515652515223866,0.09999999999992722
18.38172060135638,0.01500458797135114,0.3647047188736028,0.6101786138535336,9.731291031909152e-05,0.0038515652515219087,0.09999999999989084
18.38172060135638,0.020006117295134854,0.3647047188737734,0.610178613853362,9.731291031915231e-05,0.0038515652515214304,0.09999999999985447
18.38172060135638,0.025007646618918567,0.36470471887394407,0.6101786138531905,9.731291031921312e-05,0.0038515652515209524,0.0999999999998181
18.38172060135638,0.03000917594270228,0.3647047188741146,0.610178613853019,9.73129103192739e-05,0.0038515652515204745,0.09999999999978174
18.38172060135638,0.035010705266485996,0.3647047188742851,0.6101786138528476,9.731291031933466e-05,0.0038515652515199966,0.09999999999974538
18.38172060135638,0.04001223459026971,0.36470471887445566,0.610178613852676,9.731291031939545e-05,0.0038515652515195183,0.09999999999970902
18.38172060135638,0.04501376391405342,0.3647047188746263,0.6101786138525045,9.731291031945627e-05,0.00385156525151904,0.09999999999967263
18.38172060135638,0.050015293237837134,0.36470471887479694,0.610178613852333,9.731291031951708e-05,0.0038515652515185616,0.09999999999963623
18.38172060135638,0.05501682256162084,0.3647047188749676,0.6101786138521614,9.731291031957786e-05,0.0038515652515180836,0.09999999999959985
18.38172060135638,0.06001835188540456,0.36470471887513817,0.6101786138519899,9.731291031963867e-05,0.0038515652515176057,0.09999999999956347
18.38172060135638,0.06501988120918828,0.3647047188753088,0.6101786138518184,9.731291031969948e-05,0.003851565251517128,0.09999999999952709
18.38172060135638,0.07002141053297199,0.36470471887547934,0.6101786138516468,9.731291031976025e-05,0.0038515652515166495,0.09999999999949073
18.38172060135638,0.07502293985675569,0.3647047188756499,0.6101786138514753,9.731291031982102e-05,0.0038515652515161715,0.09999999999945437
18.38172060135638,0.08002446918053942,0.3647047188758205,0.6101786138513038,9.731291031988186e-05,0.0038515652515156928,0.09999999999941799
18.38172060135638,0.08502599850432313,0.36470471887599115,0.6101786138511323,9.731291031994267e-05,0.003851565251515215,0.09999999999938158
18.38172060135638,0.09002752782810684,0.3647047188761618,0.6101786138509607,9.731291032000345e-05,0.003851565251514737,0.09999999999934521
18.38172060135638,0.09502905715189056,0.36470471887633243,0.6101786138507892,9.731291032006425e-05,0.003851565251514259,0.09999999999930881
18.38172060135638,0.10003058647567427,0.364704718876503,0.6101786138506177,9.731291032012506e-05,0.0038515652515137807,0.09999999999927243
18.38172060135638,0.10503211579945798,0.36470471887667366,0.6101786138504461,9.731291032018586e-05,0.0038515652515133027,0.09999999999923606
18.38172060135638,0.11003364512324168,0.3647047188768443,0.6101786138502746,9.731291032024665e-05,0.003851565251512825,0.09999999999919969
18.38172060135638,0.1150351744470254,0.36470471887701494,0.6101786138501031,9.731291032030749e-05,0.003851565251512346,0.0999999999991633
18.38172060135638,0.12003670377080912,0.3647047188771855,0.6101786138499317,9.731291032036823e-05,0.003851565251511869,0.09999999999912694
18.38172060135638,0.12503823309459283,0.364704718877356,0.6101786138497601,9.731291032042902e-05,0.0038515652515113906,0.09999999999909058
18.38172060135638,0.13003976241837656,0.36470471887752665,0.6101786138495886,9.731291032048984e-05,0.003851565251510912,0.09999999999905418
18.38172060135638,0.13504129174216026,0.3647047188776973,0.6101786138494171,9.731291032055064e-05,0.003851565251510434,0.09999999999901779
18.38172060135638,0.14004282106594398,0.3647047188778679,0.6101786138492455,9.731291032061143e-05,0.003851565251509956,0.0999999999989814
18.38172060135638,0.14504435038972768,0.3647047188780385,0.610178613849074,9.731291032067224e-05,0.003851565251509478,0.09999999999894503
18.38172060135638,0.15004587971351138,0.36470471887820916,0.6101786138489025,9.731291032073304e-05,0.003851565251509,0.09999999999890866
18.38172060135638,0.1550474090372951,0.3647047188783797,0.610178613848731,9.731291032079381e-05,0.003851565251508522,0.0999999999988723
18.38172060135638,0.16004893836107884,0.3647047188785502,0.6101786138485594,9.731291032085459e-05,0.003851565251508044,0.09999999999883594
18.38172060135638,0.16505046768486253,0.36470471887872086,0.6101786138483879,9.731291032091543e-05,0.003851565251507565,0.09999999999879955
18.38172060135638,0.17005199700864626,0.3647047188788915,0.6101786138482164,9.731291032097621e-05,0.0038515652515070872,0.09999999999876315
18.38172060135638,0.17505352633242996,0.3647047188790621,0.6101786138480448,9.731291032103702e-05,0.0038515652515066093,0.09999999999872677
18.38172060135638,0.1800550556562137,0.3647047188792327,0.6101786138478733,9.731291032109782e-05,0.0038515652515061314,0.09999999999869039
18.38172060135638,0.1850565849799974,0.36470471887940337,0.6101786138477018,9.731291032115862e-05,0.003851565251505653,0.09999999999865401
18.38172060135638,0.1900581143037811,0.3647047188795739,0.6101786138475302,9.73129103212194e-05,0.003851565251505175,0.09999999999861765
18.38172060135638,0.19505964362756484,0.36470471887974454,0.6101786138473587,9.73129103212802e-05,0.003851565251504697,0.09999999999858128
18.38172060135638,0.20006117295134854,0.3647047188799152,0.6101786138471872,9.731291032134102e-05,0.0038515652515042184,0.09999999999854489
18.38172060135638,0.20506270227513224,0.36470471888008577,0.6101786138470157,9.731291032140183e-05,0.0038515652515037405,0.0999999999985085
18.38172060135638,0.21006423159891596,0.3647047188802564,0.6101786138468441,9.731291032146261e-05,0.0038515652515032626,0.09999999999847212
18.38172060135638,0.21506576092269966,0.36470471888042705,0.6101786138466726,9.731291032152342e-05,0.0038515652515027842,0.09999999999843574
18.38172060135638,0.22006729024648336,0.3647047188805977,0.6101786138465011,9.73129103215842e-05,0.0038515652515023063,0.09999999999839937
18.38172060135638,0.22506881957026711,0.3647047188807683,0.6101786138463295,9.731291032164503e-05,0.0038515652515018284,0.099999999998363
18.38172060135638,0.2300703488940508,0.3647047188809389,0.610178613846158,9.731291032170581e-05,0.0038515652515013505,0.09999999999832662
18.38172060135638,0.23507187821783454,0.36470471888110945,0.6101786138459866,9.73129103217666e-05,0.003851565251500872,0.09999999999829026
18.38172060135638,0.24007340754161824,0.36470471888128003,0.6101786138458151,9.731291032182736e-05,0.0038515652515003942,0.0999999999982539
18.38172060135638,0.24507493686540194,0.36470471888145056,0.6101786138456435,9.731291032188815e-05,0.0038515652514999163,0.09999999999821754
18.38172060135638,0.25007646618918566,0.3647047188816212,0.610178613845472,9.731291032194899e-05,0.0038515652514994375,0.09999999999818115
18.38172060135638,0.2550779955129694,0.3647047188817918,0.6101786138453005,9.731291032200978e-05,0.0038515652514989596,0.09999999999814475
18.38172060135638,0.2600795248367531,0.36470471888196243,0.610178613845129,9.731291032207058e-05,0.0038515652514984817,0.09999999999810838
18.38172060135638,0.2650810541605368,0.36470471888213307,0.6101786138449574,9.731291032213138e-05,0.0038515652514980033,0.09999999999807199
18.38172060135638,0.2700825834843205,0.3647047188823037,0.6101786138447859,9.731291032219219e-05,0.0038515652514975254,0.09999999999803562
18.38172060135638,0.27508411280810424,0.36470471888247424,0.6101786138446144,9.731291032225295e-05,0.0038515652514970475,0.09999999999799926
18.38172060135638,0.28008564213188797,0.3647047188826448,0.6101786138444428,9.731291032231374e-05,0.0038515652514965696,0.0999999999979629
18.38172060135638,0.28508717145567164,0.3647047188828154,0.6101786138442713,9.731291032237456e-05,0.003851565251496091,0.09999999999792651
18.38172060135638,0.29008870077945537,0.36470471888298606,0.6101786138440998,9.731291032243536e-05,0.003851565251495613,0.09999999999789011
18.38172060135638,0.2950902301032391,0.36470471888315664,0.6101786138439282,9.731291032249617e-05,0.0038515652514951346,0.09999999999785374
18.38172060135638,0.30009175942702276,0.3647047188833273,0.6101786138437567,9.731291032255697e-05,0.0038515652514946566,0.09999999999781736
18.38172060135638,0.30509328875080655,0.3647047188834979,0.6101786138435853,9.731291032261776e-05,0.0038515652514941787,0.09999999999778099
18.38172060135638,0.3100948180745902,0.36470471888366846,0.6101786138434138,9.731291032267854e-05,0.003851565251493701,0.09999999999774463
18.38172060135638,0.31509634739837394,0.3647047188838391,0.6101786138432422,9.731291032273933e-05,0.003851565251493223,0.09999999999770826
18.38172060135638,0.32009787672215767,0.3647047188840097,0.6101786138430707,9.731291032280017e-05,0.003851565251492744,0.09999999999767187
18.38172060135638,0.32509940604594134,0.36470471888418027,0.6101786138428992,9.731291032286092e-05,0.0038515652514922666,0.09999999999763551
18.38172060135638,0.33010093536972507,0.36470471888435085,0.6101786138427276,9.731291032292173e-05,0.003851565251491788,0.09999999999759912
18.38172060135638,0.33510246469350885,0.3647047188845215,0.6101786138425561,9.731291032298256e-05,0.00385156525149131,0.09999999999756273
18.38172060135638,0.3401039940172925,0.36470471888469214,0.6101786138423846,9.731291032304334e-05,0.003851565251490832,0.09999999999752635
18.38172060135638,0.34510552334107625,0.3647047188848628,0.6101786138422131,9.731291032310413e-05,0.003851565251490354,0.09999999999748996
18.38172060135638,0.3501070526648599,0.36470471888503336,0.6101786138420415,9.731291032316493e-05,0.0038515652514898757,0.09999999999745357
18.38172060135638,0.35510858198864365,0.364704718885204,0.61017861384187,9.731291032322574e-05,0.003851565251489398,0.09999999999741721
18.38172060135638,0.3601101113124274,0.36470471888537453,0.6101786138416985,9.731291032328652e-05,0.00385156525148892,0.09999999999738085
18.38172060135638,0.3651116406362111,0.3647047188855451,0.6101786138415269,9.731291032334731e-05,0.003851565251488442,0.09999999999734449
18.38172060135638,0.3701131699599948,0.3647047188857157,0.6101786138413554,9.731291032340812e-05,0.003851565251487963,0.09999999999730809
18.38172060135638,0.3751146992837785,0.36470471888588635,0.610178613841184,9.731291032346891e-05,0.0038515652514874853,0.0999999999972717
18.38172060135638,0.3801162286075622,0.364704718886057,0.6101786138410125,9.731291032352973e-05,0.003851565251487007,0.09999999999723531
18.38172060135638,0.3851177579313459,0.36470471888622763,0.6101786138408409,9.731291032359052e-05,0.003851565251486529,0.09999999999719894
18.38172060135638,0.3901192872551297,0.3647047188863982,0.6101786138406694,9.731291032365132e-05,0.003851565251486051,0.09999999999716258
18.38172060135638,0.39512081657891335,0.3647047188865688,0.6101786138404979,9.73129103237121e-05,0.003851565251485573,0.09999999999712622
18.38172060135638,0.4001223459026971,0.36470471888673933,0.6101786138403263,9.731291032377288e-05,0.003851565251485095,0.09999999999708986
18.38172060135638,0.40512387522648075,0.3647047188873574,0.6101786138397081,9.731291032407454e-05,0.0038515652514817477,0.09999999999698866
18.38172060135638,0.41012540455026447,0.36470471889169,0.6101786138351974,9.731291032632308e-05,0.0038515652514539435,0.09999999999624766
18.38172060135638,0.41512693387404825,0.3647047189212795,0.6101786138044947,9.731291034162e-05,0.0038515652512659876,0.09999999999121686
18.38172060135638,0.4201284631978319,0.3647047191211952,0.610178613597087,9.73129104449062e-05,0.0038515652499973617,0.09999999995724933
18.38172060135638,0.42512999252161565,0.3647047204696943,0.610178612198042,9.731291114155239e-05,0.0038515652414412033,0.09999999972814247
18.38172060135638,0.4301315218453993,0.36470472956379163,0.6101786027630598,9.73129158395891e-05,0.0038515651837407196,0.0999999981830888
18.38172060135638,0.43513305116918305,0.36470479089118707,0.6101785391368505,9.731294752144646e-05,0.0038515647946301287,0.099999987763806
18.38172060135638,0.4401345804929667,0.3647052044590271,0.6101781100667169,9.731316117148783e-05,0.0038515621706226373,0.09999991750038695
18.38172060135638,0.4451361098167505,0.3647079933656438,0.6101752166201251,9.731460193148836e-05,0.003851544475561772,0.0999994436821731
18.38172060135638,0.45013763914053423,0.3647267990517662,0.6101557060262186,9.732431724276161e-05,0.003851425157562317,0.09999624894515824
18.38172060135638,0.4551391684643179,0.3648535434853857,0.6100242111250342,9.738980542687329e-05,0.0038506210078449055,0.09997472805261189
18.38172060135638,0.4601406977881016,0.36570491533924965,0.609140946768502,9.78301579734621e-05,0.003845220059536835,0.09983064485347964
18.38172060135638,0.4651422271118853,0.37129878877677247,0.603338253364927,0.00010074320094367902,0.003809759030641369,0.09890398281027446
18.38172060135638,0.4701437564356691,0.403496162710563,0.5699592801546276,0.00011819520442302633,0.0036057134747833745,0.0941410110782393
18.38172060135638,0.4751452857594528,0.5149982908264892,0.4545355381368336,0.0001880088583837056,0.0028846622259888336,0.08217759181396189
18.38172060135638,0.4801468150832365,0.6833929194453913,0.28048217754015625,0.00031892310829893523,0.0017659596214998762,0.06999081580807753
18.38172060135638,0.4851483444070202,0.8168860426686152,0.1426223774409246,0.00044011871149873604,0.0008869361208969567,0.06259698672167932
18.38172060135638,0.4901498737308039,0.8917277914062466,0.06536287850001146,0.0005134070718452956,0.0004032605194483517,0.058984355096938536
18.38172060135638,0.49515140305458766,0.9274032269843234,0.028541162821273648,0.0005495070611512439,0.00017543348402134534,0.05736741294046808
18.38172060135638,0.5001529323783713,0.9432332632081154,0.01220365549957136,0.0005657491894853352,7.492839950237253e-05,0.05666937531455472
