time_s,position_m,C_H2,C_CH4,q_H2,q_CH4,u
0.0,0.008681153665497206,0.011110592816890927,0.021434180964907772,7.231752765154969e-06,0.00033017967580245626,0.0
0.0,0.017362307330994413,0.011112388147320313,0.019945994257812266,7.258110198782021e-06,0.0003083314136419696,0.0
0.0,0.026043460996491616,0.011114138049103248,0.018495465229920013,7.283978395747404e-06,0.00028688870536699133,0.0
0.0,0.034724614661988826,0.011115838946491121,0.017085557926239083,7.30929208551502e-06,0.0002659056558926235,0.0
0.0,0.04340576832748603,0.011117487171974354,0.015719312448148833,7.3339833359376636e-06,0.00024543857629113797,0.0
0.0,0.05208692199298323,0.011119079004240712,0.014399813486754601,7.357982169315582e-06,0.00022554547309050968,0.0
0.0,0.060768075658480435,0.011120610715675746,0.013130150946013035,7.381217361108947e-06,0.00020628538616347956,0.0
0.0,0.06944922932397765,0.01112207862999158,0.011913372170613893,7.4036174351491985e-06,0.00018771756373286142,0.0
0.0,0.07813038298947485,0.011123479190160044,0.010752425633254615,7.425111861703373e-06,0.00016990046922816805,0.0
0.0,0.08681153665497206,0.011124809036251472,0.009650096409688558,7.445632454085323e-06,0.0001528906235641427,0.0
0.0,0.09549269032046925,0.011126065092047322,0.008608934382972272,7.465114945549446e-06,0.00013674129798625545,0.0
0.0,0.10417384398596646,0.011127244658392254,0.007631176859847625,7.483500711177207e-06,0.00012150108673689321,0.0
0.0,0.11285499765146367,0.011128345510250156,0.006718668119020296,7.500738580171981e-06,0.00010721240479481845,0.0
0.0,0.12153615131696087,0.011129365993370867,0.005872779282709821,7.516786663813559e-06,9.390997265134657e-05,0.0
0.0,0.1302173049824581,0.011130305115491936,0.005094332719288602,7.531614105409595e-06,8.161936576577034e-05,0.0
0.0,0.1388984586479553,0.011131162626221231,0.004383535829671942,7.54520264360994e-06,7.035571875119781e-05,0.0
0.0,0.14757961231345249,0.011131939079335868,0.0037399294107295714,7.557547872463446e-06,6.012268096045281e-05,0.0
0.0,0.1562607659789497,0.01113263587134677,0.003162355694620394,7.568660083536122e-06,5.091171853214152e-05,0.0
0.0,0.16494191964444693,0.011133255250934802,0.002648950530107131,7.5785645895195776e-06,4.270184625433221e-05,0.0
0.0,0.17362307330994411,0.011133800295354233,0.0021971629530502645,7.587301455974736e-06,3.5459850052119285e-05,0.0
0.0,0.18230422697544132,0.011134274852005022,0.0018038036228797771,7.594924607142299e-06,2.9141028320937163e-05,0.0
0.0,0.1909853806409385,0.011134683446044688,0.0014651214116289074,7.601500320022249e-06,2.3690440329117578e-05,0.0
0.0,0.19966653430643572,0.011135031157772722,0.0011769050481760252,7.607105172924181e-06,1.9044606802034007e-05,0.0
0.0,0.20834768797193293,0.011135323476276972,0.0009346044375967486,7.6118235638898875e-06,1.5133567020643848e-05,0.0
0.0,0.21702884163743016,0.01113556613808024,0.0007334644112626448,7.615744953911045e-06,1.1883164009438229e-05,0.0
0.0,0.22570999530292735,0.011135764960935922,0.0005686624979440549,7.618961013858483e-06,9.217409505978925e-06,0.0
0.0,0.23439114896842456,0.011135925683252406,0.00043544202518111666,7.621562858858003e-06,7.060776409561249e-06,0.0
0.0,0.24307230263392174,0.011136053818850215,0.0003292325126433498,7.623638538887037e-06,5.340278816933598e-06,0.0
0.0,0.2517534562994189,0.011136154534947776,0.0002457508048504877,7.625270922130045e-06,3.9872264684684384e-06,0.0
0.0,0.2604346099649162,0.011136232558771027,0.00018107847987175671,7.62653606330296e-06,2.9385771844963642e-06,0.0
0.0,0.2691157636304134,0.01113629211529332,0.0001317134521600526,7.627502099360527e-06,2.137852140143124e-06,0.0
0.0,0.2777969172959106,0.011136336895793122,9.459603092672232e-05,7.6282286666409554e-06,1.5356189164794968e-06,0.0
0.0,0.28647807096140776,0.01113637005448014,6.711171149625964e-05,7.628766792385757e-06,1.0895813437220641e-06,0.0
0.0,0.29515922462690497,0.011136394228651514,4.707446388199037e-05,7.6291591836448026e-06,7.643399603226996e-07,0.0
0.0,0.30384037829240224,0.011136411576794516,3.269514663540101e-05,7.629440819504186e-06,5.309010595095672e-07,0.0
0.0,0.3125215319578994,0.011136423828746132,2.253992602802103e-05,7.629639747928162e-06,3.6601614317490984e-07,0.0
0.0,0.3212026856233966,0.01113643234234731,1.5483314494803894e-05,7.62977799424604e-06,2.514288474376446e-07,0.0
0.0,0.32988383928889387,0.01113643816179472,1.065980145978973e-05,7.629872501449068e-06,1.7309551159314287e-07,0.0
0.0,0.338564992954391,0.011136442073930265,7.417193618929505e-06,7.629936039779215e-06,1.2043121027058335e-07,0.0
0.0,0.34724614661988823,0.011136444659824869,5.2738579376714555e-06,7.629978041638145e-06,8.561769604449562e-08,0.0
0.0,0.3559273002853854,0.011136446340061406,3.881186141572803e-06,7.630005335310015e-06,6.299521920580168e-08,0.0
0.0,0.36460845395088265,0.011136447413030813,2.991852882380253e-06,7.630022765862717e-06,4.854786985506283e-08,0.0
0.0,0.37328960761637986,0.011136448086242477,2.4338613689465637e-06,7.630033703075842e-06,3.948256272401539e-08,0.0
0.0,0.381970761281877,0.011136448501147818,2.089968275290882e-06,7.6300404442312e-06,3.3895172482561845e-08,0.0
0.0,0.3906519149473743,0.011136448752255284,1.8818392742043322e-06,7.630044524368948e-06,3.051336936405602e-08,0.0
0.0,0.39933306861287143,0.011136448901452002,1.7581790059898625e-06,7.630046948764402e-06,2.8503926024933342e-08,0.0
0.0,0.4080142222783687,0.011136448988451661,1.6860706264569868e-06,7.630048362570614e-06,2.7332105874041536e-08,0.0
0.0,0.41669537594386585,0.01113644903822534,1.6448169288377803e-06,7.630049171476188e-06,2.6661654015095467e-08,0.0
0.0,0.42537652960936306,0.011136449066154446,1.6216686308919454e-06,7.630049625401627e-06,2.6285424241878897e-08,0.0
0.0,0.43405768327486033,0.01113644908151992,1.6089334458573511e-06,7.630049875149185e-06,2.6078425051115183e-08,0.0
0.0,0.4427388369403575,0.011136449089805177,1.6020664676220744e-06,7.630050009825733e-06,2.596680087177829e-08,0.0
0.0,0.4514199906058547,0.011136449094182732,1.5984387172086303e-06,7.630050080979238e-06,2.5907827064305875e-08,0.0
0.0,0.46010114427135185,0.011136449096447223,1.596561778492379e-06,7.630050117795166e-06,2.5877312936128562e-08,0.0
0.0,0.4687822979368491,0.011136449097595333,1.5956111177786198e-06,7.630050136444384e-06,2.586185663827406e-08,0.0
0.0,0.4774634516023463,0.011136449098165723,1.5951399481511622e-06,7.630050145688908e-06,2.5854195624697192e-08,0.0
0.0,0.4861446052678435,0.01113644909844401,1.5949115407918256e-06,7.630050150171894e-06,2.585048157244415e-08,0.0
0.0,0.49482575893334074,0.011136449098574152,1.5948032928919151e-06,7.63005015229543e-06,2.5848721273904296e-08,0.0
0.0,0.5035069125988378,0.011136449098638491,1.5947531636513004e-06,7.63005015328172e-06,2.5847906031295036e-08,0.0
0.0,0.5121880662643351,0.011136449098667681,1.59473049110848e-06,7.630050153727874e-06,2.584753728740305e-08,0.0
0.0,0.5208692199298324,0.011136449098682893,1.594720481645272e-06,7.630050153926456e-06,2.5847374483722745e-08,0.0
0.0,0.5295503735953295,0.011136449098690923,1.5947161706780577e-06,7.630050154012973e-06,2.5847304361294665e-08,0.0
0.0,0.5382315272608268,0.011136449098698932,1.594714360460578e-06,7.630050154052477e-06,2.584727491424779e-08,0.0
0.0,0.546912680926324,0.011136449098706874,1.5947136198281336e-06,7.630050154071834e-06,2.5847262865484376e-08,0.0
0.0,0.5555938345918212,0.011136449098714774,1.5947133247775282e-06,7.630050154082788e-06,2.584725806522167e-08,0.0
0.0,0.5642749882573184,0.011136449098722662,1.594713210412531e-06,7.630050154090335e-06,2.5847256204461374e-08,0.0
0.0,0.5729561419228155,0.01113644909873054,1.594713167316981e-06,7.630050154096537e-06,2.584725550323413e-08,0.0
0.0,0.5816372955883128,0.01113644909873841,1.5947131515458686e-06,7.630050154102218e-06,2.5847255246597643e-08,0.0
0.0,0.5903184492538099,0.0111364490987463,1.5947131459498226e-06,7.630050154107724e-06,2.5847255155528965e-08,0.0
0.0,0.5989996029193072,0.011136449098754187,1.5947131440313182e-06,7.630050154113157e-06,2.5847255124304806e-08,0.0
0.0,0.6076807565848045,0.011136449098762085,1.594713143401754e-06,7.630050154118573e-06,2.5847255114056955e-08,0.0
0.0,0.6163619102503016,0.011136449098769995,1.594713143209523e-06,7.630050154123992e-06,2.5847255110926646e-08,0.0
0.0,0.6250430639157988,0.011136449098777907,1.5947131431632934e-06,7.630050154129407e-06,2.5847255110174226e-08,0.0
0.0,0.6337242175812959,0.011136449098785813,1.5947131431489527e-06,7.630050154134817e-06,2.584725510994177e-08,0.0
0.0,0.6424053712467932,0.011136449098793728,1.5947131431346123e-06,7.630050154140233e-06,2.5847255109709317e-08,0.0
0.0,0.6510865249122904,0.011136449098801635,1.5947131431202716e-06,7.630050154145646e-06,2.5847255109476866e-08,0.0
0.0,0.6597676785777877,0.011136449098809544,1.594713143105931e-06,7.630050154151058e-06,2.5847255109244412e-08,0.0
0.0,0.6684488322432849,0.011136449098817445,1.5947131430915906e-06,7.630050154156466e-06,2.5847255109011957e-08,0.0
0.0,0.677129985908782,0.011136449098825336,1.5947131430772501e-06,7.630050154161867e-06,2.5847255108779506e-08,0.0
0.0,0.6858111395742792,0.011136449098833226,1.5947131430629094e-06,7.630050154167266e-06,2.5847255108547052e-08,0.0
0.0,0.6944922932397765,0.011136449098841112,1.594713143048569e-06,7.630050154172665e-06,2.5847255108314598e-08,0.0
0.0,0.7031734469052736,0.011136449098848998,1.5947131430342285e-06,7.630050154178058e-06,2.5847255108082147e-08,0.0
0.0,0.7118546005707708,0.011136449098856888,1.5947131430198878e-06,7.630050154183459e-06,2.5847255107849693e-08,0.0
0.0,0.7205357542362681,0.011136449098864775,1.5947131430055473e-06,7.630050154188856e-06,2.5847255107617238e-08,0.0
0.0,0.7292169079017653,0.011136449098872658,1.5947131429912068e-06,7.630050154194252e-06,2.5847255107384787e-08,0.0
0.0,0.7378980615672625,0.011136449098880548,1.5947131429768661e-06,7.630050154199651e-06,2.5847255107152326e-08,0.0
0.0,0.7465792152327597,0.011136449098888416,1.5947131429625254e-06,7.630050154205036e-06,2.5847255106919875e-08,0.0
0.0,0.7552603688982569,0.0111364490988963,1.594713142948185e-06,7.630050154210434e-06,2.584725510668742e-08,0.0
0.0,0.763941522563754,0.01113644909890418,1.5947131429338443e-06,7.630050154215824e-06,2.5847255106454967e-08,0.0
0.0,0.7726226762292513,0.011136449098912085,1.5947131429195036e-06,7.630050154221235e-06,2.5847255106222516e-08,0.0
0.0,0.7813038298947486,0.011136449098919978,1.594713142905163e-06,7.630050154226637e-06,2.5847255105990055e-08,0.0
0.0,0.7899849835602457,0.011136449098927853,1.5947131428908226e-06,7.630050154232026e-06,2.5847255105757604e-08,0.0
0.0,0.7986661372257429,0.01113644909893574,1.5947131428764821e-06,7.630050154237422e-06,2.584725510552515e-08,0.0
0.0,0.8073472908912401,0.011136449098943638,1.5947131428621415e-06,7.630050154242828e-06,2.5847255105292695e-08,0.0
0.0,0.8160284445567374,0.011136449098951527,1.594713142847801e-06,7.630050154248227e-06,2.5847255105060244e-08,0.0
0.0,0.8247095982222346,0.011136449098959406,1.5947131428334603e-06,7.63005015425362e-06,2.584725510482779e-08,0.0
0.0,0.8333907518877317,0.011136449098967294,1.5947131428191196e-06,7.630050154259018e-06,2.5847255104595332e-08,0.0
0.0,0.842071905553229,0.011136449098975173,1.5947131428047791e-06,7.63005015426441e-06,2.5847255104362878e-08,0.0
0.0,0.8507530592187261,0.011136449098983061,1.5947131427904384e-06,7.630050154269809e-06,2.5847255104130424e-08,0.0
0.0,0.8594342128842233,0.011136449098990938,1.594713142776098e-06,7.6300501542752e-06,2.5847255103897973e-08,0.0
0.0,0.8681153665497207,0.0111364490989988,1.5947131427617575e-06,7.630050154280582e-06,2.584725510366552e-08,0.0
10.851442081871506,0.008681153665497206,0.04170247436757763,0.22421506522687462,1.839174978706632e-05,0.0023392531077398642,0.09999999999993242
10.851442081871506,0.017362307330994413,0.041702474367610896,0.22421506522683313,1.8391749787082157e-05,0.0023392531077395797,0.09999999999986485
10.851442081871506,0.026043460996491616,0.04170247436764417,0.22421506522679163,1.8391749787097997e-05,0.002339253107739295,0.09999999999979726
10.851442081871506,0.034724614661988826,0.04170247436767739,0.22421506522675017,1.839174978711381e-05,0.0023392531077390103,0.0999999999997297
10.851442081871506,0.04340576832748603,0.041702474367710664,0.22421506522670867,1.839174978712965e-05,0.0023392531077387254,0.09999999999966211
10.851442081871506,0.05208692199298323,0.04170247436774392,0.22421506522666718,1.839174978714548e-05,0.0023392531077384405,0.09999999999959452
10.851442081871506,0.060768075658480435,0.04170247436777718,0.2242150652266257,1.8391749787161314e-05,0.002339253107738156,0.09999999999952695
10.851442081871506,0.06944922932397765,0.041702474367810445,0.22421506522658421,1.8391749787177147e-05,0.002339253107737871,0.09999999999945937
10.851442081871506,0.07813038298947485,0.04170247436784367,0.22421506522654278,1.839174978719296e-05,0.0023392531077375866,0.0999999999993918
10.851442081871506,0.08681153665497206,0.04170247436787693,0.22421506522650128,1.8391749787208795e-05,0.0023392531077373016,0.09999999999932421
10.851442081871506,0.09549269032046925,0.0417024743679102,0.2242150652264598,1.839174978722463e-05,0.0023392531077370167,0.09999999999925663
10.851442081871506,0.10417384398596646,0.04170247436794345,0.2242150652264183,1.839174978724046e-05,0.0023392531077367326,0.09999999999918906
10.851442081871506,0.11285499765146367,0.04170247436797672,0.2242150652263768,1.83917497872563e-05,0.0023392531077364477,0.09999999999912147
10.851442081871506,0.12153615131696087,0.04170247436800999,0.22421506522633533,1.839174978727213e-05,0.0023392531077361628,0.0999999999990539
10.851442081871506,0.1302173049824581,0.041702474368043245,0.22421506522629386,1.8391749787287966e-05,0.002339253107735878,0.09999999999898632
10.851442081871506,0.1388984586479553,0.04170247436807651,0.22421506522625237,1.83917497873038e-05,0.002339253107735593,0.09999999999891873
10.851442081871506,0.14757961231345249,0.0417024743682087,0.22421506522611143,1.839174978736916e-05,0.002339253107734456,0.09999999999873073
10.851442081871506,0.1562607659789497,0.041702474376377335,0.22421506521752746,1.8391749791460294e-05,0.0023392531076619994,0.09999999998893805
10.851442081871506,0.16494191964444693,0.041702474894286634,0.22421506467334057,1.8391750050826248e-05,0.0023392531030660495,0.09999999936821626
10.851442081871506,0.17362307330994411,0.041702508174835826,0.22421502970415952,1.8391766717742424e-05,0.0023392528077196646,0.09999995948007953
10.851442081871506,0.18230422697544132,0.04170467540996972,0.22421275250447145,1.839285208691984e-05,0.0023392335739233563,0.09999736198191794
10.851442081871506,0.1909853806409385,0.041847263090289084,0.224062931919911,1.8464275734646177e-05,0.0023379681885492233,0.09982678783262644
10.851442081871506,0.19966653430643572,0.050376356651657093,0.21510597221519784,2.2787390618461436e-05,0.002262453947762586,0.09064027934446359
10.851442081871506,0.20834768797193293,0.15319734265926663,0.10727763112453964,8.508755457875702e-05,0.0012572853702654593,0.042230968389803766
10.851442081871506,0.21702884163743016,0.2395760131210208,0.016735919658012348,0.00015556840439769773,0.00021443912940359428,0.029105691319166023
10.851442081871506,0.22570999530292735,0.2528216713977932,0.0028525625088533053,0.0001679435502814044,4.047765757190863e-05,0.02778141736516819
10.851442081871506,0.23439114896842456,0.2543014169828234,0.001301245140938836,0.000169381565433254,2.004045317564149e-05,0.027640407599515533
10.851442081871506,0.24307230263392174,0.25464635229567223,0.0009394855346996504,0.00016973863386639848,1.4706442258633884e-05,0.027607407206394364
10.851442081871506,0.2517534562994189,0.25485353853319204,0.0007222366932232207,0.00016995971780955468,1.1329330137683089e-05,0.027587535077535193
10.851442081871506,0.2604346099649162,0.2550148408433196,0.0005531282763993263,0.00017013269174435852,8.679190513891366e-06,0.02757207686658726
10.851442081871506,0.2691157636304134,0.25514309985077943,0.00041866016411921096,0.00017027036785670675,6.569358978755788e-06,0.02755979614885128
10.851442081871506,0.2777969172959106,0.25524404072623663,0.00031282657760498374,0.000170378767617734,4.908294284220455e-06,0.027550137715162733
10.851442081871506,0.28647807096140776,0.2553223786615812,0.00023068926503426777,0.00017046291575861225,3.6190209984567644e-06,0.027542646382145937
10.851442081871506,0.29515922462690497,0.25538228610148034,0.00016787597824778267,0.0001705272751111076,2.6330948291783644e-06,0.02753692030495199
10.851442081871506,0.30384037829240224,0.2554274087801046,0.00012056238254703667,0.00017057575389680264,1.890544999777584e-06,0.027532608657185022
10.851442081871506,0.3125215319578994,0.2554608647132295,8.547141102012846e-05,0.00017061170110855517,1.3399305291090963e-06,0.02752941094250144
10.851442081871506,0.3212026856233966,0.2554852515873817,5.985375655493849e-05,0.00017063791629530326,9.380694120291006e-07,0.027527073922026392
10.851442081871506,0.32988383928889387,0.2555026407579637,4.145100095281946e-05,0.0001706566577966887,6.494798469994282e-07,0.027525384579629317
10.851442081871506,0.338564992954391,0.2555144843425541,2.844645797172523e-05,0.00017066959725680247,4.4561858424833904e-07,0.027524153825853798
10.851442081871506,0.34724614661988823,0.255521196873822,1.940895779130193e-05,0.00017067755614189457,3.040021776504796e-07,0.027523171901123245
10.851442081871506,0.3559273002853854,0.2555206192876636,1.323424476901979e-05,0.0001706794841195226,2.072872101749463e-07,0.027522070162570397
10.851442081871506,0.36460845395088265,0.2555027103000807,9.08779810698577e-06,0.0001706688741413619,1.4237117800177335e-07,0.027519868498414608
10.851442081871506,0.37328960761637986,0.25543155819644087,6.351869632725924e-06,0.00017062156268437382,9.955908502346586e-08,0.027513467202608402
10.851442081871506,0.381970761281877,0.255184990864442,4.578518883908532e-06,0.00017045472894057961,7.182439815451555e-08,0.027492621237803716
10.851442081871506,0.3906519149473743,0.25435460960812173,3.449491994773158e-06,0.00016989114694581953,5.417811964987271e-08,0.027423485059338677
10.851442081871506,0.39933306861287143,0.2516105278453976,2.7429843312544367e-06,0.00016802853303548988,4.314722776484127e-08,0.027198136910217746
10.851442081871506,0.4080142222783687,0.2429492502242995,2.306645702803029e-06,0.00016215764864025388,3.6353864024580895e-08,0.026512236811384083
10.851442081871506,0.41669537594386585,0.21892700689723238,2.036134329782997e-06,0.00014593522163251337,3.2185889387327165e-08,0.02478686261902328
10.851442081871506,0.42537652960936306,0.1693140234424306,1.8615876025246088e-06,0.00011264446758284328,2.9581446759498983e-08,0.021866702581990284
10.851442081871506,0.43405768327486033,0.10534262778746951,1.745616772635243e-06,7.00092898147277e-05,2.7941119819188162e-08,0.018995251743136456
10.851442081871506,0.4427388369403575,0.055728151119121015,1.6742265461812074e-06,3.710501856206531e-05,2.696710629279904e-08,0.017243531890811143
10.851442081871506,0.4514199906058547,0.029457575241713708,1.6351937615640733e-06,1.973020178210664e-05,2.6432748624070878e-08,0.016441577801798415
10.851442081871506,0.46010114427135185,0.01819135046756002,1.6151774028727937e-06,1.2288273715230399e-05,2.6151053695631165e-08,0.01612019806736036
10.851442081871506,0.4687822979368491,0.01379225076733309,1.6050572291471964e-06,9.383839052320603e-06,2.600401524950352e-08,0.015998111899325682
10.851442081871506,0.4774634516023463,0.012135792307431599,1.5999289397786085e-06,8.29032014107568e-06,2.5927480051906035e-08,0.015952619626026485
10.851442081871506,0.4861446052678435,0.011518995097523261,1.5973261271922457e-06,7.883094968230297e-06,2.5887853199142878e-08,0.015935744866094562
10.851442081871506,0.49482575893334074,0.011288914671179609,1.5960095146205002e-06,7.731131830921779e-06,2.5867525679603483e-08,0.015929457919423396
10.851442081871506,0.5035069125988378,0.011201905824819097,1.5953488031940338e-06,7.673613641213874e-06,2.5857227772864662e-08,0.015927080525133835
10.851442081871506,0.5121880662643351,0.011167932340579497,1.5950209686402582e-06,7.651114343300612e-06,2.585208700283616e-08,0.01592615150764768
10.851442081871506,0.5208692199298324,0.011153813458018406,1.5948604634785613e-06,7.641733024688578e-06,2.5849561559335377e-08,0.015925764747405344
10.851442081871506,0.5295503735953295,0.011147305392274164,1.5947829954369733e-06,7.637386994538266e-06,2.5848341417898085e-08,0.015925585982325713
10.851442081871506,0.5382315272608268,0.011143861814168514,1.5947461234676089e-06,7.635073841872946e-06,2.5847761579542206e-08,0.01592549108627414
10.851442081871506,0.546912680926324,0.01114176751606186,1.594728784041917e-06,7.633659796552454e-06,2.584749023726071e-08,0.01592543320866679
10.851442081871506,0.5555938345918212,0.011140351898608878,1.5947206937759992e-06,7.63270070499366e-06,2.5847364870326714e-08,0.015925394012542223
10.851442081871506,0.5642749882573184,0.011139333353142301,1.594716919659014e-06,7.632009350435844e-06,2.584730739362557e-08,0.015925365781666517
10.851442081871506,0.5729561419228155,0.011138578465626539,1.59471513707778e-06,7.631496528866597e-06,2.5847281013731625e-08,0.015925344848865153
10.851442081871506,0.5816372955883128,0.01113801324107669,1.5947142690363033e-06,7.631112444462838e-06,2.5847268720518124e-08,0.01592532917294244
10.851442081871506,0.5903184492538099,0.011137589993869773,1.594713823741862e-06,7.630824837845305e-06,2.584726278678555e-08,0.015925317434637886
10.851442081871506,0.5989996029193072,0.011137274618733425,1.5947135786927106e-06,7.630610563075787e-06,2.584725975207557e-08,0.0159253086887358
10.851442081871506,0.6076807565848045,0.011137041343406184,1.5947134331642815e-06,7.630452102416168e-06,2.5847258078834818e-08,0.01592530222035615
10.851442081871506,0.6163619102503016,0.01113687025965065,1.5947133407652134e-06,7.630335915978894e-06,2.5847257081275603e-08,0.015925297477097897
10.851442081871506,0.6250430639157988,0.011136745923569606,1.5947132792149072e-06,7.630251499001598e-06,2.5847256446348838e-08,0.01592529403040891
10.851442081871506,0.6337242175812959,0.011136656406142349,1.5947132370315598e-06,7.630190738480257e-06,2.5847256023736578e-08,0.015925291549293816
10.851442081871506,0.6424053712467932,0.011136592569033297,1.5947132077345678e-06,7.63014742078709e-06,2.5847255735273016e-08,0.015925289780222784
10.851442081871506,0.6510865249122904,0.011136547481508488,1.5947131873184425e-06,7.630116834663593e-06,2.584725553622227e-08,0.015925288530942276
10.851442081871506,0.6597676785777877,0.011136515943506151,1.5947131731254566e-06,7.630095446363234e-06,2.584725539859352e-08,0.01592528765723041
10.851442081871506,0.6684488322432849,0.011136494096530987,1.594713163314501e-06,7.630080634633636e-06,2.584725530373109e-08,0.01592528705209169
10.851442081871506,0.677129985908782,0.011136479109457463,1.5947131565832212e-06,7.63007047677685e-06,2.5847255238740423e-08,0.015925286637033326
10.851442081871506,0.6858111395742792,0.01113646892817738,1.594713152003619e-06,7.630063578241413e-06,2.5847255194550337e-08,0.015925286355115482
10.851442081871506,0.6944922932397765,0.011136462078954334,1.5947131489151092e-06,7.630058938822325e-06,2.584725516474644e-08,0.01592528616549356
10.851442081871506,0.7031734469052736,0.011136457516188029,1.5947131468502195e-06,7.630055849118595e-06,2.5847255144804675e-08,0.015925286039194037
10.851442081871506,0.7118546005707708,0.011136454506241978,1.5947131454810858e-06,7.630053811550257e-06,2.5847255131558456e-08,0.015925285955891624
10.851442081871506,0.7205357542362681,0.011136452540035468,1.5947131445801316e-06,7.630052480954845e-06,2.584725512281332e-08,0.015925285901484895
10.851442081871506,0.7292169079017653,0.011136451268183684,1.594713143991034e-06,7.63005162052519e-06,2.5847255117063694e-08,0.015925285866297774
10.851442081871506,0.7378980615672625,0.011136450453520151,1.5947131436076027e-06,7.630051069568213e-06,2.5847255113288124e-08,0.01592528584376324
10.851442081871506,0.7465792152327597,0.011136449936803735,1.5947131433584198e-06,7.630050720226247e-06,2.5847255110800474e-08,0.01592528582947283
10.851442081871506,0.7552603688982569,0.011136449612272668,1.5947131431959764e-06,7.630050500888981e-06,2.5847255109144293e-08,0.015925285820499145
10.851442081871506,0.763941522563754,0.011136449410441528,1.594713143089052e-06,7.630050364524759e-06,2.584725510802017e-08,0.015925285814919293
10.851442081871506,0.7726226762292513,0.011136449286149389,1.5947131430172802e-06,7.630050280576721e-06,2.5847255107233013e-08,0.01592528581148373
10.851442081871506,0.7813038298947486,0.011136449210358602,1.594713142967455e-06,7.630050229404269e-06,2.584725510665527e-08,0.01592528580938918
10.851442081871506,0.7899849835602457,0.011136449164597655,1.5947131429313282e-06,7.630050198517967e-06,2.584725510620887e-08,0.01592528580812477
10.851442081871506,0.7986661372257429,0.011136449137241334,1.5947131429035012e-06,7.630050180060275e-06,2.5847255105841404e-08,0.01592528580736904
10.851442081871506,0.8073472908912401,0.011136449121050676,1.5947131428808677e-06,7.630050169140084e-06,2.5847255105524074e-08,0.015925285806921853
10.851442081871506,0.8160284445567374,0.011136449111565588,1.5947131428613156e-06,7.630050162744968e-06,2.5847255105236047e-08,0.015925285806659927
10.851442081871506,0.8247095982222346,0.011136449106066974,1.5947131428435645e-06,7.630050159039052e-06,2.5847255104965423e-08,0.015925285806508118
10.851442081871506,0.8333907518877317,0.011136449102914461,1.5947131428263425e-06,7.630050156915191e-06,2.584725510469602e-08,0.015925285806421073
10.851442081871506,0.842071905553229,0.011136449101128642,1.5947131428093279e-06,7.630050155712626e-06,2.5847255104425615e-08,0.015925285806371783
10.851442081871506,0.8507530592187261,0.011136449100130586,1.59471314279247e-06,7.630050155040878e-06,2.5847255104155454e-08,0.01592528580634425
10.851442081871506,0.8594342128842233,0.01113644909958163,1.5947131427765492e-06,7.630050154671665e-06,2.5847255103899095e-08,0.01592528580632918
10.851442081871506,0.8681153665497207,0.011136449099286174,1.5947131427621335e-06,7.630050154473051e-06,2.5847255103666644e-08,0.015925285806321028
21.70288416374301,0.008681153665497206,0.04170247436757763,0.22421506522687462,1.839174978706632e-05,0.0023392531077398642,0.09999999999993242
21.70288416374301,0.017362307330994413,0.041702474367610896,0.22421506522683313,1.8391749787082157e-05,0.0023392531077395797,0.09999999999986485
21.70288416374301,0.026043460996491616,0.04170247436764417,0.22421506522679163,1.8391749787097997e-05,0.002339253107739295,0.09999999999979726
21.70288416374301,0.034724614661988826,0.04170247436767739,0.22421506522675017,1.839174978711381e-05,0.0023392531077390103,0.0999999999997297
21.70288416374301,0.04340576832748603,0.041702474367710664,0.22421506522670867,1.839174978712965e-05,0.0023392531077387254,0.09999999999966211
21.70288416374301,0.05208692199298323,0.04170247436774392,0.22421506522666718,1.839174978714548e-05,0.0023392531077384405,0.09999999999959452
21.70288416374301,0.060768075658480435,0.04170247436777718,0.2242150652266257,1.8391749787161314e-05,0.002339253107738156,0.09999999999952695
21.70288416374301,0.06944922932397765,0.041702474367810445,0.22421506522658421,1.8391749787177147e-05,0.002339253107737871,0.09999999999945937
21.70288416374301,0.07813038298947485,0.04170247436784367,0.22421506522654278,1.839174978719296e-05,0.0023392531077375866,0.0999999999993918
21.70288416374301,0.08681153665497206,0.04170247436787693,0.22421506522650128,1.8391749787208795e-05,0.0023392531077373016,0.09999999999932421
21.70288416374301,0.09549269032046925,0.0417024743679102,0.2242150652264598,1.839174978722463e-05,0.0023392531077370167,0.09999999999925663
21.70288416374301,0.10417384398596646,0.04170247436794345,0.2242150652264183,1.839174978724046e-05,0.0023392531077367326,0.09999999999918906
21.70288416374301,0.11285499765146367,0.04170247436797672,0.2242150652263768,1.83917497872563e-05,0.0023392531077364477,0.09999999999912147
21.70288416374301,0.12153615131696087,0.04170247436800999,0.22421506522633533,1.839174978727213e-05,0.0023392531077361628,0.0999999999990539
21.70288416374301,0.1302173049824581,0.041702474368043245,0.22421506522629386,1.8391749787287966e-05,0.002339253107735878,0.09999999999898632
21.70288416374301,0.1388984586479553,0.04170247436807651,0.22421506522625237,1.83917497873038e-05,0.002339253107735593,0.09999999999891873
21.70288416374301,0.14757961231345249,0.04170247436810973,0.22421506522621093,1.8391749787319614e-05,0.002339253107735309,0.09999999999885116
21.70288416374301,0.1562607659789497,0.04170247436814299,0.22421506522616944,1.8391749787335447e-05,0.002339253107735024,0.09999999999878358
21.70288416374301,0.16494191964444693,0.041702474368176264,0.22421506522612794,1.8391749787351286e-05,0.002339253107734739,0.099999999998716
21.70288416374301,0.17362307330994411,0.041702474368209515,0.22421506522608645,1.839174978736711e-05,0.0023392531077344545,0.09999999999864842
21.70288416374301,0.18230422697544132,0.04170247436824279,0.22421506522604495,1.839174978738295e-05,0.0023392531077341696,0.09999999999858084
21.70288416374301,0.1909853806409385,0.041702474368276045,0.22421506522600348,1.839174978739878e-05,0.002339253107733885,0.09999999999851326
21.70288416374301,0.19966653430643572,0.04170247436830931,0.22421506522596202,1.8391749787414614e-05,0.0023392531077336,0.09999999999844568
21.70288416374301,0.20834768797193293,0.04170247436834257,0.22421506522592052,1.839174978743045e-05,0.0023392531077333152,0.09999999999837811
21.70288416374301,0.21702884163743016,0.04170247436837579,0.2242150652258791,1.839174978744627e-05,0.002339253107733031,0.09999999999831052
21.70288416374301,0.22570999530292735,0.041702474368409057,0.22421506522583762,1.83917497874621e-05,0.0023392531077327467,0.09999999999824294
21.70288416374301,0.23439114896842456,0.04170247436844232,0.22421506522579615,1.8391749787477935e-05,0.0023392531077324617,0.09999999999817537
21.70288416374301,0.24307230263392174,0.04170247436847558,0.22421506522575468,1.8391749787493757e-05,0.002339253107732177,0.09999999999810778
21.70288416374301,0.2517534562994189,0.041702474368508845,0.2242150652257132,1.83917497875096e-05,0.0023392531077318923,0.09999999999804021
21.70288416374301,0.2604346099649162,0.041702474368542054,0.22421506522567175,1.8391749787525406e-05,0.002339253107731608,0.09999999999797277
21.70288416374301,0.2691157636304134,0.041702474368575326,0.22421506522563026,1.8391749787541245e-05,0.002339253107731323,0.09999999999790518
21.70288416374301,0.2777969172959106,0.041702474368608584,0.22421506522558876,1.8391749787557078e-05,0.0023392531077310375,0.0999999999978376
21.70288416374301,0.28647807096140776,0.041702474368641856,0.22421506522554727,1.8391749787572918e-05,0.0023392531077307535,0.09999999999777003
21.70288416374301,0.29515922462690497,0.041702474368675115,0.22421506522550577,1.839174978758875e-05,0.002339253107730469,0.09999999999770244
21.70288416374301,0.30384037829240224,0.04170247436870839,0.2242150652254643,1.8391749787604583e-05,0.002339253107730184,0.09999999999763487
21.70288416374301,0.3125215319578994,0.04170247436874164,0.22421506522542284,1.8391749787620413e-05,0.002339253107729899,0.09999999999756728
21.70288416374301,0.3212026856233966,0.04170247436877491,0.22421506522538134,1.8391749787636252e-05,0.002339253107729614,0.0999999999974997
21.70288416374301,0.32988383928889387,0.04170247436880817,0.22421506522533985,1.8391749787652085e-05,0.0023392531077293297,0.09999999999743213
21.70288416374301,0.338564992954391,0.04170247436884144,0.22421506522529838,1.839174978766792e-05,0.0023392531077290448,0.09999999999736454
21.70288416374301,0.34724614661988823,0.041702474370200075,0.2242150652238712,1.8391749788348403e-05,0.002339253107717045,0.09999999999573672
21.70288416374301,0.3559273002853854,0.04170247446696664,0.2242150651221964,1.839174983681359e-05,0.002339253106858043,0.09999999987974356
21.70288416374301,0.36460845395088265,0.041702481311882485,0.2242150579299542,1.8391753265046096e-05,0.0023392530460955,0.09999999167471119
21.70288416374301,0.37328960761637986,0.0417029655779466,0.22421454909108485,1.839199580681783e-05,0.002339248747248166,0.09999941118622928
21.70288416374301,0.381970761281877,0.041737218620810354,0.2241785580835831,1.8409152036410787e-05,0.0023389446873972575,0.09995837089081672
21.70288416374301,0.3906519149473743,0.04409149231007662,0.22170530146728967,1.9592115296402317e-05,0.002318069100190032,0.09722269669144644
21.70288416374301,0.39933306861287143,0.10919430476314865,0.15340906393577017,5.584309668223768e-05,0.0017175198763543624,0.055107445751750084
21.70288416374301,0.4080142222783687,0.22683993130817331,0.03008352111097612,0.00014422806713637213,0.00037373551277424037,0.030655245318902125
21.70288416374301,0.41669537594386585,0.252773867267245,0.0029013109235422187,0.0001680637044162529,3.665965679840693e-05,0.027924600892897063
21.70288416374301,0.42537652960936306,0.255298387669949,0.00025569136111285555,0.00017046581482612887,3.2483837707140504e-06,0.027684622430669416
21.70288416374301,0.43405768327486033,0.25551833895707743,2.5238274219869164e-05,0.00017067585404247524,3.30578135346336e-07,0.027663914526419187
21.70288416374301,0.4427388369403575,0.2555378034029148,4.7943538372395176e-06,0.00017069453246880027,6.971106977498498e-08,0.027662073664871275
21.70288416374301,0.4514199906058547,0.25553984622733394,2.6172353764291095e-06,0.00017069654880054865,4.071246652556023e-08,0.027661874671874094
21.70288416374301,0.46010114427135185,0.2555402672982495,2.1672136658559587e-06,0.0001706969884883205,3.411263306425938e-08,0.027661833220815148
21.70288416374301,0.4687822979368491,0.2555404599013767,1.9680733390185473e-06,0.00017069719275376337,3.104039236170384e-08,0.027661815289614478
21.70288416374301,0.4774634516023463,0.25554057078017606,1.8547830323477175e-06,0.00017069731020187437,2.9275803141677884e-08,0.02766180515587395
21.70288416374301,0.4861446052678435,0.25554063497615553,1.7883929661275888e-06,0.0001706973784880099,2.8240721849452548e-08,0.027661799145456176
21.70288416374301,0.49482575893334074,0.2555406716506537,1.7498902167841842e-06,0.0001706974177345583,2.764063599497894e-08,0.02766179561664609
21.70288416374301,0.5035069125988378,0.25554069249748546,1.72792602922015e-06,0.00017069744008691557,2.7298500819467568e-08,0.027661793599982578
21.70288416374301,0.5121880662643351,0.2555407042940203,1.7156145941152267e-06,0.00017069745269089953,2.7106840455716045e-08,0.027661792479405846
21.70288416374301,0.5208692199298324,0.2555407109041327,1.7088363049360394e-06,0.00017069745970267765,2.7001383622352704e-08,0.0276617918717342
21.70288416374301,0.5295503735953295,0.2555407145666979,1.7051715881439114e-06,0.00017069746354891817,2.694440431579881e-08,0.027661791550216572
21.70288416374301,0.5382315272608268,0.2555407165923831,1.703226386355574e-06,0.0001706974656425464,2.691418014177538e-08,0.02766179138609732
21.70288416374301,0.546912680926324,0.2555407177372992,1.7022129743164698e-06,0.00017069746679144394,2.689844468232188e-08,0.027661791307837885
21.70288416374301,0.5555938345918212,0.2555407184241952,1.7016948969193542e-06,0.0001706974674450794,2.6890406058687483e-08,0.027661791276053616
21.70288416374301,0.5642749882573184,0.2555407188820192,1.7014350734509358e-06,0.00017069746784689914,2.6886377508565945e-08,0.02766179126927771
21.70288416374301,0.5729561419228155,0.25554071923202054,1.7013072767338417e-06,0.00017069746812605548,2.6884397520714608e-08,0.027661791276030148
21.70288416374301,0.5816372955883128,0.25554071953767055,1.7012456450095274e-06,0.0001706974683500777,2.6883443388766542e-08,0.027661791290342182
21.70288416374301,0.5903184492538099,0.2555407198320323,1.7012165109840709e-06,0.00017069746855388767,2.688299272384656e-08,0.027661791309214364
21.70288416374301,0.5989996029193072,0.25554072013233337,1.7012030148072366e-06,0.00017069746875540294,2.6882784129633275e-08,0.027661791331198612
21.70288416374301,0.6076807565848045,0.25554072044765686,1.70119689051202e-06,0.00017069746896381663,2.6882689555622617e-08,0.02766179135563613
21.70288416374301,0.6163619102503016,0.2555407207829921,1.7011941681318362e-06,0.00017069746918394905,2.6882647552245828e-08,0.02766179138226056
21.70288416374301,0.6250430639157988,0.2555407211413206,1.701192983648978e-06,0.00017069746941847835,2.6882629293638127e-08,0.027661791410998605
21.70288416374301,0.6337242175812959,0.25554072152466756,1.701192478716461e-06,0.00017069746966906157,2.6882621516724057e-08,0.02766179144186888
21.70288416374301,0.6424053712467932,0.25554072193458766,1.7011922681190679e-06,0.00017069746993686146,2.688261827571525e-08,0.027661791474931585
21.70288416374301,0.6510865249122904,0.255540722372332,1.7011921821435798e-06,0.00017069747022275468,2.6882616953195534e-08,0.02766179151025837
21.70288416374301,0.6597676785777877,0.25554072283870966,1.7011921472438533e-06,0.00017069747052728219,2.6882616415721454e-08,0.027661791547900147
21.70288416374301,0.6684488322432849,0.25554072333330063,1.7011921341454753e-06,0.00017069747085013317,2.6882616213928544e-08,0.027661791587812536
21.70288416374301,0.677129985908782,0.2555407238516777,1.7011921278580116e-06,0.00017069747118826897,2.6882616115209027e-08,0.027661791629617283
21.70288416374301,0.6858111395742792,0.2555407243759761,1.7011921268933347e-06,0.00017069747152951553,2.6882616100119043e-08,0.02766179167181242
21.70288416374301,0.6944922932397765,0.255540724843159,1.701192124346713e-06,0.00017069747183100527,2.688261605803614e-08,0.027661791709103635
21.70288416374301,0.7031734469052736,0.2555407250381093,1.7011921257095028e-06,0.00017069747194652955,2.6882616079839082e-08,0.027661791723445562
21.70288416374301,0.7118546005707708,0.2555407242337453,1.701192122632545e-06,0.00017069747138200264,2.68826160307624e-08,0.02766179165384894
21.70288416374301,0.7205357542362681,0.25554071997914757,1.7011921232391354e-06,0.00017069746847197896,2.6882616048555012e-08,0.027661791294739658
21.70288416374301,0.7292169079017653,0.2555407040191045,1.7011921140053436e-06,0.00017069745760698403,2.6882615927998295e-08,0.027661789953705024
21.70288416374301,0.7378980615672625,0.25554064855429476,1.7011920953831765e-06,0.00017069741989723965,2.6882615730863146e-08,0.027661785299072168
21.70288416374301,0.7465792152327597,0.2555404599766612,1.701192020254479e-06,0.00017069729173568906,2.6882614868165737e-08,0.02766176947945578
21.70288416374301,0.7552603688982569,0.25553982308703915,1.7011917786798726e-06,0.00017069685894328463,2.688261215570391e-08,0.02766171605762967
21.70288416374301,0.763941522563754,0.25553767655862275,1.7011909555701307e-06,0.000170695400344858,2.6882602868433078e-08,0.027661536016501127
21.70288416374301,0.7726226762292513,0.25553044693879146,1.701188189563818e-06,0.00017069048777251322,2.6882571694439686e-08,0.027660929653756862
21.70288416374301,0.7813038298947486,0.25550610498516213,1.701178876163193e-06,0.00017067394739456377,2.6882466731651868e-08,0.027658888261247617
21.70288416374301,0.7899849835602457,0.25542418512879705,1.7011475238574945e-06,0.0001706182836882753,2.688211339543792e-08,0.027652020579973763
21.70288416374301,0.7986661372257429,0.2551488841749946,1.7010421472483365e-06,0.0001704312291010429,2.6880926308602006e-08,0.02762896767599354
21.70288416374301,0.8073472908912401,0.25422803726777166,1.7006893108067473e-06,0.00016980566151743564,2.6876955967899353e-08,0.027552156372979628
21.70288416374301,0.8160284445567374,0.25119533552916146,1.6995236943333477e-06,0.00016774656416384908,2.6863888916663336e-08,0.027302378259071693
21.70288416374301,0.8247095982222346,0.2416877946399008,1.6958345366948845e-06,0.00016130195357513723,2.682299883789685e-08,0.026549557743374454
21.70288416374301,0.8333907518877317,0.21577360444539115,1.6855332057233673e-06,0.0001438068861811234,2.671204593357298e-08,0.02470233040817418
21.70288416374301,0.842071905553229,0.1640411800397244,1.6640459513180026e-06,0.00010911181286706452,2.6492111739507067e-08,0.0217068077164067
21.70288416374301,0.8507530592187261,0.10022526588838118,1.6361043520048471e-06,6.660193538680914e-05,2.6222529333315645e-08,0.01889381967322666
21.70288416374301,0.8594342128842233,0.05262006326667426,1.6143276292906514e-06,3.504270400729668e-05,2.6022018225150793e-08,0.017231996177289457
21.70288416374301,0.8681153665497207,0.028018073607504787,1.6027683333353824e-06,1.87761910777546e-05,2.5918411752804912e-08,0.01648351265249101
32.55432624561452,0.008681153665497206,0.04170247436757763,0.22421506522687462,1.839174978706632e-05,0.0023392531077398642,0.09999999999993242
32.55432624561452,0.017362307330994413,0.041702474367610896,0.22421506522683313,1.8391749787082157e-05,0.0023392531077395797,0.09999999999986485
32.55432624561452,0.026043460996491616,0.04170247436764417,0.22421506522679163,1.8391749787097997e-05,0.002339253107739295,0.09999999999979726
32.55432624561452,0.034724614661988826,0.04170247436767739,0.22421506522675017,1.839174978711381e-05,0.0023392531077390103,0.0999999999997297
32.55432624561452,0.04340576832748603,0.041702474367710664,0.22421506522670867,1.839174978712965e-05,0.0023392531077387254,0.09999999999966211
32.55432624561452,0.05208692199298323,0.04170247436774392,0.22421506522666718,1.839174978714548e-05,0.0023392531077384405,0.09999999999959452
32.55432624561452,0.060768075658480435,0.04170247436777718,0.2242150652266257,1.8391749787161314e-05,0.002339253107738156,0.09999999999952695
32.55432624561452,0.06944922932397765,0.041702474367810445,0.22421506522658421,1.8391749787177147e-05,0.002339253107737871,0.09999999999945937
32.55432624561452,0.07813038298947485,0.04170247436784367,0.22421506522654278,1.839174978719296e-05,0.0023392531077375866,0.0999999999993918
32.55432624561452,0.08681153665497206,0.04170247436787693,0.22421506522650128,1.8391749787208795e-05,0.0023392531077373016,0.09999999999932421
32.55432624561452,0.09549269032046925,0.0417024743679102,0.2242150652264598,1.839174978722463e-05,0.0023392531077370167,0.09999999999925663
32.55432624561452,0.10417384398596646,0.04170247436794345,0.2242150652264183,1.839174978724046e-05,0.0023392531077367326,0.09999999999918906
32.55432624561452,0.11285499765146367,0.04170247436797672,0.2242150652263768,1.83917497872563e-05,0.0023392531077364477,0.09999999999912147
32.55432624561452,0.12153615131696087,0.04170247436800999,0.22421506522633533,1.839174978727213e-05,0.0023392531077361628,0.0999999999990539
32.55432624561452,0.1302173049824581,0.041702474368043245,0.22421506522629386,1.8391749787287966e-05,0.002339253107735878,0.09999999999898632
32.55432624561452,0.1388984586479553,0.04170247436807651,0.22421506522625237,1.83917497873038e-05,0.002339253107735593,0.09999999999891873
32.55432624561452,0.14757961231345249,0.04170247436810973,0.22421506522621093,1.8391749787319614e-05,0.002339253107735309,0.09999999999885116
32.55432624561452,0.1562607659789497,0.04170247436814299,0.22421506522616944,1.8391749787335447e-05,0.002339253107735024,0.09999999999878358
32.55432624561452,0.16494191964444693,0.041702474368176264,0.22421506522612794,1.8391749787351286e-05,0.002339253107734739,0.099999999998716
32.55432624561452,0.17362307330994411,0.041702474368209515,0.22421506522608645,1.839174978736711e-05,0.0023392531077344545,0.09999999999864842
32.55432624561452,0.18230422697544132,0.04170247436824279,0.22421506522604495,1.839174978738295e-05,0.0023392531077341696,0.09999999999858084
32.55432624561452,0.1909853806409385,0.041702474368276045,0.22421506522600348,1.839174978739878e-05,0.002339253107733885,0.09999999999851326
32.55432624561452,0.19966653430643572,0.04170247436830931,0.22421506522596202,1.8391749787414614e-05,0.0023392531077336,0.09999999999844568
32.55432624561452,0.20834768797193293,0.04170247436834257,0.22421506522592052,1.839174978743045e-05,0.0023392531077333152,0.09999999999837811
32.55432624561452,0.21702884163743016,0.04170247436837579,0.2242150652258791,1.839174978744627e-05,0.002339253107733031,0.09999999999831052
32.55432624561452,0.22570999530292735,0.041702474368409057,0.22421506522583762,1.83917497874621e-05,0.0023392531077327467,0.09999999999824294
32.55432624561452,0.23439114896842456,0.04170247436844232,0.22421506522579615,1.8391749787477935e-05,0.0023392531077324617,0.09999999999817537
32.55432624561452,0.24307230263392174,0.04170247436847558,0.22421506522575468,1.8391749787493757e-05,0.002339253107732177,0.09999999999810778
32.55432624561452,0.2517534562994189,0.041702474368508845,0.2242150652257132,1.83917497875096e-05,0.0023392531077318923,0.09999999999804021
32.55432624561452,0.2604346099649162,0.041702474368542054,0.22421506522567175,1.8391749787525406e-05,0.002339253107731608,0.09999999999797277
32.55432624561452,0.2691157636304134,0.041702474368575326,0.22421506522563026,1.8391749787541245e-05,0.002339253107731323,0.09999999999790518
32.55432624561452,0.2777969172959106,0.041702474368608584,0.22421506522558876,1.8391749787557078e-05,0.0023392531077310375,0.0999999999978376
32.55432624561452,0.28647807096140776,0.041702474368641856,0.22421506522554727,1.8391749787572918e-05,0.0023392531077307535,0.09999999999777003
32.55432624561452,0.29515922462690497,0.041702474368675115,0.22421506522550577,1.839174978758875e-05,0.002339253107730469,0.09999999999770244
32.55432624561452,0.30384037829240224,0.04170247436870839,0.2242150652254643,1.8391749787604583e-05,0.002339253107730184,0.09999999999763487
32.55432624561452,0.3125215319578994,0.04170247436874164,0.22421506522542284,1.8391749787620413e-05,0.002339253107729899,0.09999999999756728
32.55432624561452,0.3212026856233966,0.04170247436877491,0.22421506522538134,1.8391749787636252e-05,0.002339253107729614,0.0999999999974997
32.55432624561452,0.32988383928889387,0.04170247436880817,0.22421506522533985,1.8391749787652085e-05,0.0023392531077293297,0.09999999999743213
32.55432624561452,0.338564992954391,0.04170247436884144,0.22421506522529838,1.839174978766792e-05,0.0023392531077290448,0.09999999999736454
32.55432624561452,0.34724614661988823,0.041702474368874705,0.22421506522525692,1.8391749787683754e-05,0.0023392531077287603,0.09999999999729697
32.55432624561452,0.3559273002853854,0.04170247436890797,0.22421506522521542,1.8391749787699593e-05,0.002339253107728476,0.09999999999722939
32.55432624561452,0.36460845395088265,0.041702474368941235,0.22421506522517393,1.8391749787715426e-05,0.002339253107728191,0.0999999999971618
32.55432624561452,0.37328960761637986,0.04170247436897451,0.22421506522513243,1.839174978773126e-05,0.002339253107727906,0.09999999999709423
32.55432624561452,0.381970761281877,0.04170247436900773,0.224215065225091,1.8391749787747078e-05,0.0023392531077276214,0.09999999999702665
32.55432624561452,0.3906519149473743,0.041702474369041,0.2242150652250495,1.8391749787762914e-05,0.0023392531077273365,0.09999999999695908
32.55432624561452,0.39933306861287143,0.041702474369074254,0.22421506522500803,1.839174978777874e-05,0.002339253107727052,0.09999999999689149
32.55432624561452,0.4080142222783687,0.04170247436910752,0.22421506522496654,1.839174978779458e-05,0.002339253107726767,0.09999999999682391
32.55432624561452,0.41669537594386585,0.041702474369140784,0.22421506522492507,1.839174978781041e-05,0.002339253107726482,0.09999999999675634
32.55432624561452,0.42537652960936306,0.041702474369174056,0.22421506522488358,1.8391749787826252e-05,0.0023392531077261977,0.09999999999668875
32.55432624561452,0.43405768327486033,0.041702474369207314,0.22421506522484208,1.839174978784208e-05,0.002339253107725913,0.09999999999662118
32.55432624561452,0.4427388369403575,0.041702474369240586,0.22421506522480059,1.839174978785792e-05,0.002339253107725628,0.0999999999965536
32.55432624561452,0.4514199906058547,0.04170247436927381,0.22421506522475915,1.8391749787873733e-05,0.0023392531077253433,0.09999999999648601
32.55432624561452,0.46010114427135185,0.04170247436930703,0.2242150652247177,1.839174978788955e-05,0.002339253107725059,0.09999999999641844
32.55432624561452,0.4687822979368491,0.041702474369340256,0.22421506522467624,1.8391749787905365e-05,0.0023392531077247743,0.09999999999635086
32.55432624561452,0.4774634516023463,0.04170247436937353,0.22421506522463475,1.8391749787921204e-05,0.00233925310772449,0.09999999999628328
32.55432624561452,0.4861446052678435,0.041702474369406786,0.22421506522459325,1.8391749787937037e-05,0.002339253107724205,0.0999999999962157
32.55432624561452,0.49482575893334074,0.04170247436944002,0.2242150652245518,1.8391749787952853e-05,0.0023392531077239204,0.09999999999614811
32.55432624561452,0.5035069125988378,0.041702474369473275,0.22421506522451032,1.8391749787968685e-05,0.0023392531077236355,0.09999999999608054
32.55432624561452,0.5121880662643351,0.04170247436950655,0.22421506522446885,1.8391749787984525e-05,0.002339253107723351,0.09999999999601296
32.55432624561452,0.5208692199298324,0.041702474369539805,0.22421506522442736,1.8391749788000354e-05,0.002339253107723066,0.09999999999594539
32.55432624561452,0.5295503735953295,0.04170247436957308,0.22421506522438586,1.8391749788016194e-05,0.002339253107722781,0.0999999999958778
32.55432624561452,0.5382315272608268,0.04170247437002187,0.22421506522391219,1.839174978824052e-05,0.0023392531077188468,0.09999999999532816
32.55432624561452,0.546912680926324,0.0417024744023058,0.2242150651899911,1.839174980441008e-05,0.002339253107432269,0.09999999995662845
32.55432624561452,0.5555938345918212,0.04170247668868383,0.22421506278759726,1.8391750949529123e-05,0.00233925308713595,0.09999999721593285
32.55432624561452,0.5642749882573184,0.04170263855522302,0.2242148927075588,1.8391832019431115e-05,0.002339251650237791,0.0999998031859104
32.55432624561452,0.5729561419228155,0.041714096420039294,0.2242028534559795,1.8397570712357127e-05,0.002339149938794658,0.09998607069945097
32.55432624561452,0.5816372955883128,0.04251724363051161,0.22335901352241178,1.8800266496778075e-05,0.002332023413644775,0.09903365019659333
32.55432624561452,0.5903184492538099,0.0779240190011439,0.18620236323714728,3.750780154439748e-05,0.0020150181601132195,0.06986519255807917
32.55432624561452,0.5989996029193072,0.2065835761998665,0.05131773020552951,0.0001267096683088888,0.0006279115706121943,0.03316009955285472
32.55432624561452,0.6076807565848045,0.25038865797082066,0.005401674224400988,0.00016580789503605283,6.811608143978525e-05,0.028127913435157616
32.55432624561452,0.6163619102503016,0.25509011954111205,0.0004737292712734157,0.00017026748415523396,5.996188991918018e-06,0.027677152624539143
32.55432624561452,0.6250430639157988,0.2555019621683991,4.222703088524451e-05,0.0001706604948691661,5.395010550563201e-07,0.027638383819995595
32.55432624561452,0.6337242175812959,0.25553740803851743,5.174895161259929e-06,0.00017069430895211732,7.082226594161895e-08,0.027635065975415513
32.55432624561452,0.6424053712467932,0.2555404521540084,1.998908522046353e-06,0.00017069720832712734,3.0648522187236995e-08,0.027634781735153182
32.55432624561452,0.6510865249122904,0.2555407004069328,1.7267167466669634e-06,0.00017069744799912947,2.7205515592967767e-08,0.027634756288033253
32.55432624561452,0.6597676785777877,0.2555407147586485,1.7033848186634628e-06,0.00017069746431397164,2.6910369759965014e-08,0.02763475358239565
32.55432624561452,0.6684488322432849,0.25554071515553334,1.7013824709710033e-06,0.00017069746541032026,2.6885032179549537e-08,0.02763475331149716
32.55432624561452,0.677129985908782,0.2555407161016134,1.701209532936144e-06,0.0001706974661567235,2.6882840060885468e-08,0.027634753368400523
32.55432624561452,0.6858111395742792,0.2555407167604813,1.7011941001630232e-06,0.00017069746657913547,2.6882642739994606e-08,0.02763475341754834
32.55432624561452,0.6944922932397765,0.25554071691342056,1.7011925031693464e-06,0.00017069746665907725,2.6882621593363763e-08,0.02763475342719679
32.55432624561452,0.7031734469052736,0.2555407168631177,1.7011922452990078e-06,0.00017069746661919793,2.6882617914736936e-08,0.027634753422244137
32.55432624561452,0.7118546005707708,0.255540716811579,1.7011921706219194e-06,0.00017069746658610467,2.6882616789245514e-08,0.027634753418134164
32.55432624561452,0.7205357542362681,0.25554071679731916,1.7011921416421857e-06,0.00017069746657838352,2.68826163450147e-08,0.027634753417165977
32.55432624561452,0.7292169079017653,0.2555407168004939,1.7011921294958224e-06,0.0001706974665810914,2.6882616158112143e-08,0.02763475341749526
32.55432624561452,0.7378980615672625,0.2555407168047576,1.7011921242666832e-06,0.00017069746658387224,2.6882616077534117e-08,0.027634753417835452
32.55432624561452,0.7465792152327597,0.25554071680627777,1.7011921219177556e-06,0.00017069746658474757,2.688261604126816e-08,0.027634753417943192
32.55432624561452,0.7552603688982569,0.25554071680635426,1.7011921207655853e-06,0.00017069746658474383,2.6882616023416924e-08,0.027634753417941416
32.55432624561452,0.763941522563754,0.2555407168063012,1.7011921201166188e-06,0.00017069746658470827,2.6882616013312317e-08,0.027634753417937193
32.55432624561452,0.7726226762292513,0.25554071680649304,1.7011921196804277e-06,0.00017069746658484567,2.688261600648279e-08,0.027634753417958152
32.55432624561452,0.7813038298947486,0.2555407168068774,1.7011921193533267e-06,0.00017069746658510002,2.6882616001345684e-08,0.027634753417987552
32.55432624561452,0.7899849835602457,0.25554071680736823,1.701192119073955e-06,0.00017069746658542352,2.688261599694411e-08,0.027634753418025376
32.55432624561452,0.7986661372257429,0.2555407168078682,1.701192118840747e-06,0.00017069746658574886,2.6882615993271355e-08,0.02763475341806316
32.55432624561452,0.8073472908912401,0.25554071680842205,1.7011921186221975e-06,0.00017069746658611337,2.6882615989820676e-08,0.02763475341810941
32.55432624561452,0.8160284445567374,0.25554071680907764,1.701192118442385e-06,0.00017069746658654401,2.6882615986989074e-08,0.027634753418164088
32.55432624561452,0.8247095982222346,0.25554071680984913,1.7011921182655356e-06,0.0001706974665870501,2.6882615984193422e-08,0.02763475341822714
32.55432624561452,0.8333907518877317,0.255540716810748,1.7011921181258336e-06,0.00017069746658763903,2.688261598199449e-08,0.027634753418298616
32.55432624561452,0.842071905553229,0.2555407168117829,1.7011921179818654e-06,0.00017069746658831641,2.6882615979715764e-08,0.02763475341837851
32.55432624561452,0.8507530592187261,0.2555407168129689,1.7011921178717443e-06,0.00017069746658909623,2.6882615977982748e-08,0.027634753418475207
32.55432624561452,0.8594342128842233,0.2555407168143401,1.7011921177580894e-06,0.00017069746658999354,2.6882615976181893e-08,0.02763475341858277
32.55432624561452,0.8681153665497207,0.2555407168159114,1.7011921176680316e-06,0.00017069746659102583,2.6882615974762048e-08,0.027634753418710953
43.40576832748602,0.008681153665497206,0.04170247436757763,0.22421506522687462,1.839174978706632e-05,0.0023392531077398642,0.09999999999993242
43.40576832748602,0.017362307330994413,0.041702474367610896,0.22421506522683313,1.8391749787082157e-05,0.0023392531077395797,0.09999999999986485
43.40576832748602,0.026043460996491616,0.04170247436764417,0.22421506522679163,1.8391749787097997e-05,0.002339253107739295,0.09999999999979726
43.40576832748602,0.034724614661988826,0.04170247436767739,0.22421506522675017,1.839174978711381e-05,0.0023392531077390103,0.0999999999997297
43.40576832748602,0.04340576832748603,0.041702474367710664,0.22421506522670867,1.839174978712965e-05,0.0023392531077387254,0.09999999999966211
43.40576832748602,0.05208692199298323,0.04170247436774392,0.22421506522666718,1.839174978714548e-05,0.0023392531077384405,0.09999999999959452
43.40576832748602,0.060768075658480435,0.04170247436777718,0.2242150652266257,1.8391749787161314e-05,0.002339253107738156,0.09999999999952695
43.40576832748602,0.06944922932397765,0.041702474367810445,0.22421506522658421,1.8391749787177147e-05,0.002339253107737871,0.09999999999945937
43.40576832748602,0.07813038298947485,0.04170247436784367,0.22421506522654278,1.839174978719296e-05,0.0023392531077375866,0.0999999999993918
43.40576832748602,0.08681153665497206,0.04170247436787693,0.22421506522650128,1.8391749787208795e-05,0.0023392531077373016,0.09999999999932421
43.40576832748602,0.09549269032046925,0.0417024743679102,0.2242150652264598,1.839174978722463e-05,0.0023392531077370167,0.09999999999925663
43.40576832748602,0.10417384398596646,0.04170247436794345,0.2242150652264183,1.839174978724046e-05,0.0023392531077367326,0.09999999999918906
43.40576832748602,0.11285499765146367,0.04170247436797672,0.2242150652263768,1.83917497872563e-05,0.0023392531077364477,0.09999999999912147
43.40576832748602,0.12153615131696087,0.04170247436800999,0.22421506522633533,1.839174978727213e-05,0.0023392531077361628,0.0999999999990539
43.40576832748602,0.1302173049824581,0.041702474368043245,0.22421506522629386,1.8391749787287966e-05,0.002339253107735878,0.09999999999898632
43.40576832748602,0.1388984586479553,0.04170247436807651,0.22421506522625237,1.83917497873038e-05,0.002339253107735593,0.09999999999891873
43.40576832748602,0.14757961231345249,0.04170247436810973,0.22421506522621093,1.8391749787319614e-05,0.002339253107735309,0.09999999999885116
43.40576832748602,0.1562607659789497,0.04170247436814299,0.22421506522616944,1.8391749787335447e-05,0.002339253107735024,0.09999999999878358
43.40576832748602,0.16494191964444693,0.041702474368176264,0.22421506522612794,1.8391749787351286e-05,0.002339253107734739,0.099999999998716
43.40576832748602,0.17362307330994411,0.041702474368209515,0.22421506522608645,1.839174978736711e-05,0.0023392531077344545,0.09999999999864842
43.40576832748602,0.18230422697544132,0.04170247436824279,0.22421506522604495,1.839174978738295e-05,0.0023392531077341696,0.09999999999858084
43.40576832748602,0.1909853806409385,0.041702474368276045,0.22421506522600348,1.839174978739878e-05,0.002339253107733885,0.09999999999851326
43.40576832748602,0.19966653430643572,0.04170247436830931,0.22421506522596202,1.8391749787414614e-05,0.0023392531077336,0.09999999999844568
43.40576832748602,0.20834768797193293,0.04170247436834257,0.22421506522592052,1.839174978743045e-05,0.0023392531077333152,0.09999999999837811
43.40576832748602,0.21702884163743016,0.04170247436837579,0.2242150652258791,1.839174978744627e-05,0.002339253107733031,0.09999999999831052
43.40576832748602,0.22570999530292735,0.041702474368409057,0.22421506522583762,1.83917497874621e-05,0.0023392531077327467,0.09999999999824294
43.40576832748602,0.23439114896842456,0.04170247436844232,0.22421506522579615,1.8391749787477935e-05,0.0023392531077324617,0.09999999999817537
43.40576832748602,0.24307230263392174,0.04170247436847558,0.22421506522575468,1.8391749787493757e-05,0.002339253107732177,0.09999999999810778
43.40576832748602,0.2517534562994189,0.041702474368508845,0.2242150652257132,1.83917497875096e-05,0.0023392531077318923,0.09999999999804021
43.40576832748602,0.2604346099649162,0.041702474368542054,0.22421506522567175,1.8391749787525406e-05,0.002339253107731608,0.09999999999797277
43.40576832748602,0.2691157636304134,0.041702474368575326,0.22421506522563026,1.8391749787541245e-05,0.002339253107731323,0.09999999999790518
43.40576832748602,0.2777969172959106,0.041702474368608584,0.22421506522558876,1.8391749787557078e-05,0.0023392531077310375,0.0999999999978376
43.40576832748602,0.28647807096140776,0.041702474368641856,0.22421506522554727,1.8391749787572918e-05,0.0023392531077307535,0.09999999999777003
43.40576832748602,0.29515922462690497,0.041702474368675115,0.22421506522550577,1.839174978758875e-05,0.002339253107730469,0.09999999999770244
43.40576832748602,0.30384037829240224,0.04170247436870839,0.2242150652254643,1.8391749787604583e-05,0.002339253107730184,0.09999999999763487
43.40576832748602,0.3125215319578994,0.04170247436874164,0.22421506522542284,1.8391749787620413e-05,0.002339253107729899,0.09999999999756728
43.40576832748602,0.3212026856233966,0.04170247436877491,0.22421506522538134,1.8391749787636252e-05,0.002339253107729614,0.0999999999974997
43.40576832748602,0.32988383928889387,0.04170247436880817,0.22421506522533985,1.8391749787652085e-05,0.0023392531077293297,0.09999999999743213
43.40576832748602,0.338564992954391,0.04170247436884144,0.22421506522529838,1.839174978766792e-05,0.0023392531077290448,0.09999999999736454
43.40576832748602,0.34724614661988823,0.041702474368874705,0.22421506522525692,1.8391749787683754e-05,0.0023392531077287603,0.09999999999729697
43.40576832748602,0.3559273002853854,0.04170247436890797,0.22421506522521542,1.8391749787699593e-05,0.002339253107728476,0.09999999999722939
43.40576832748602,0.36460845395088265,0.041702474368941235,0.22421506522517393,1.8391749787715426e-05,0.002339253107728191,0.0999999999971618
43.40576832748602,0.37328960761637986,0.04170247436897451,0.22421506522513243,1.839174978773126e-05,0.002339253107727906,0.09999999999709423
43.40576832748602,0.381970761281877,0.04170247436900773,0.224215065225091,1.8391749787747078e-05,0.0023392531077276214,0.09999999999702665
43.40576832748602,0.3906519149473743,0.041702474369041,0.2242150652250495,1.8391749787762914e-05,0.0023392531077273365,0.09999999999695908
43.40576832748602,0.39933306861287143,0.041702474369074254,0.22421506522500803,1.839174978777874e-05,0.002339253107727052,0.09999999999689149
43.40576832748602,0.4080142222783687,0.04170247436910752,0.22421506522496654,1.839174978779458e-05,0.002339253107726767,0.09999999999682391
43.40576832748602,0.41669537594386585,0.041702474369140784,0.22421506522492507,1.839174978781041e-05,0.002339253107726482,0.09999999999675634
43.40576832748602,0.42537652960936306,0.041702474369174056,0.22421506522488358,1.8391749787826252e-05,0.0023392531077261977,0.09999999999668875
43.40576832748602,0.43405768327486033,0.041702474369207314,0.22421506522484208,1.839174978784208e-05,0.002339253107725913,0.09999999999662118
43.40576832748602,0.4427388369403575,0.041702474369240586,0.22421506522480059,1.839174978785792e-05,0.002339253107725628,0.0999999999965536
43.40576832748602,0.4514199906058547,0.04170247436927381,0.22421506522475915,1.8391749787873733e-05,0.0023392531077253433,0.09999999999648601
43.40576832748602,0.46010114427135185,0.04170247436930703,0.2242150652247177,1.839174978788955e-05,0.002339253107725059,0.09999999999641844
43.40576832748602,0.4687822979368491,0.041702474369340256,0.22421506522467624,1.8391749787905365e-05,0.0023392531077247743,0.09999999999635086
43.40576832748602,0.4774634516023463,0.04170247436937353,0.22421506522463475,1.8391749787921204e-05,0.00233925310772449,0.09999999999628328
43.40576832748602,0.4861446052678435,0.041702474369406786,0.22421506522459325,1.8391749787937037e-05,0.002339253107724205,0.0999999999962157
43.40576832748602,0.49482575893334074,0.04170247436944002,0.2242150652245518,1.8391749787952853e-05,0.0023392531077239204,0.09999999999614811
43.40576832748602,0.5035069125988378,0.041702474369473275,0.22421506522451032,1.8391749787968685e-05,0.0023392531077236355,0.09999999999608054
43.40576832748602,0.5121880662643351,0.04170247436950655,0.22421506522446885,1.8391749787984525e-05,0.002339253107723351,0.09999999999601296
43.40576832748602,0.5208692199298324,0.041702474369539805,0.22421506522442736,1.8391749788000354e-05,0.002339253107723066,0.09999999999594539
43.40576832748602,0.5295503735953295,0.04170247436957308,0.22421506522438586,1.8391749788016194e-05,0.002339253107722781,0.0999999999958778
43.40576832748602,0.5382315272608268,0.0417024743696063,0.2242150652243444,1.8391749788032006e-05,0.0023392531077224966,0.09999999999581022
43.40576832748602,0.546912680926324,0.04170247436963957,0.2242150652243029,1.839174978804785e-05,0.0023392531077222117,0.09999999999574265
43.40576832748602,0.5555938345918212,0.04170247436967283,0.2242150652242614,1.839174978806368e-05,0.0023392531077219268,0.09999999999567506
43.40576832748602,0.5642749882573184,0.041702474369706054,0.22421506522421997,1.8391749788079498e-05,0.0023392531077216423,0.09999999999560749
43.40576832748602,0.5729561419228155,0.041702474369739284,0.22421506522417853,1.839174978809531e-05,0.0023392531077213578,0.0999999999955399
43.40576832748602,0.5816372955883128,0.04170247436977251,0.22421506522413706,1.8391749788111126e-05,0.0023392531077210737,0.09999999999547232
43.40576832748602,0.5903184492538099,0.041702474369805766,0.22421506522409557,1.8391749788126962e-05,0.002339253107720789,0.09999999999540475
43.40576832748602,0.5989996029193072,0.04170247436983904,0.22421506522405407,1.83917497881428e-05,0.002339253107720504,0.09999999999533717
43.40576832748602,0.6076807565848045,0.041702474369872296,0.2242150652240126,1.839174978815863e-05,0.002339253107720219,0.0999999999952696
43.40576832748602,0.6163619102503016,0.04170247436990556,0.22421506522397114,1.839174978817446e-05,0.002339253107719934,0.09999999999520201
43.40576832748602,0.6250430639157988,0.04170247436993881,0.22421506522392967,1.8391749788190293e-05,0.00233925310771965,0.09999999999513443
43.40576832748602,0.6337242175812959,0.041702474369972084,0.22421506522388818,1.839174978820613e-05,0.0023392531077193655,0.09999999999506685
43.40576832748602,0.6424053712467932,0.04170247437000534,0.22421506522384668,1.8391749788221962e-05,0.00233925310771908,0.09999999999499927
43.40576832748602,0.6510865249122904,0.041702474370038566,0.22421506522380522,1.8391749788237778e-05,0.0023392531077187956,0.0999999999949317
43.40576832748602,0.6597676785777877,0.04170247437007183,0.22421506522376372,1.839174978825361e-05,0.0023392531077185107,0.09999999999486411
43.40576832748602,0.6684488322432849,0.0417024743701051,0.22421506522372223,1.839174978826945e-05,0.002339253107718226,0.09999999999479653
43.40576832748602,0.677129985908782,0.04170247437013836,0.22421506522368076,1.8391749788285283e-05,0.0023392531077179412,0.09999999999472896
43.40576832748602,0.6858111395742792,0.04170247437017158,0.22421506522363932,1.839174978830109e-05,0.002339253107717657,0.09999999999466151
43.40576832748602,0.6944922932397765,0.041702474370204835,0.22421506522359783,1.8391749788316928e-05,0.0023392531077173723,0.09999999999459393
43.40576832748602,0.7031734469052736,0.04170247437023811,0.22421506522355633,1.8391749788332764e-05,0.0023392531077170873,0.09999999999452636
43.40576832748602,0.7118546005707708,0.041702474370271365,0.22421506522351484,1.8391749788348597e-05,0.0023392531077168024,0.09999999999445877
43.40576832748602,0.7205357542362681,0.04170247437030458,0.22421506522347337,1.839174978836441e-05,0.002339253107716518,0.09999999999439133
43.40576832748602,0.7292169079017653,0.04170247437045571,0.22421506522331205,1.83917497884396e-05,0.0023392531077152303,0.09999999999419898
43.40576832748602,0.7378980615672625,0.04170247438125903,0.22421506521196038,1.8391749793850536e-05,0.002339253107619339,0.09999999998124877
43.40576832748602,0.7465792152327597,0.04170247514670651,0.2242150644076731,1.839175017722056e-05,0.0023392531008244125,0.09999999906370312
43.40576832748602,0.7552603688982569,0.041702529337896754,0.22421500746669074,1.839177731855491e-05,0.0023392526197662023,0.0999999341044282
43.40576832748602,0.763941522563754,0.04170636567071286,0.22421097647048657,1.8393698732906307e-05,0.0023392185645003238,0.09999533570660644
43.40576832748602,0.7726226762292513,0.041977055203965614,0.22392655868522995,1.8529322333705827e-05,0.0023368159998505907,0.09967204119522995
43.40576832748602,0.7813038298947486,0.05765678982350832,0.20746468713588795,2.6561095807742957e-05,0.002197861829339483,0.08406644730865485
43.40576832748602,0.7899849835602457,0.17752803389349683,0.08177398220533141,0.0001032326348846942,0.0009783745273626496,0.0374381908355048
43.40576832748602,0.7986661372257429,0.24604216721018737,0.009958374822756808,0.00016172457167359076,0.0001253616955007116,0.028414397762179966
43.40576832748602,0.8073472908912401,0.2546969141956413,0.000886336487756042,0.00016989196440529372,1.1223281007743773e-05,0.027574896553104928
43.40576832748602,0.8160284445567374,0.25546811830723,7.774083033072667e-05,0.00017062811031139547,9.898189926389789e-07,0.027502459138013066
43.40576832748602,0.8247095982222346,0.25553443748242505,8.219123072004702e-06,0.00017069148521998889,1.0942970026021737e-07,0.027496250728368782
43.40576832748602,0.8333907518877317,0.25554016549492625,2.259772458112269e-06,0.0001706969471548334,3.395690688390363e-08,0.027495722226043268
43.40576832748602,0.842071905553229,0.2555406740141973,1.7490607602760955e-06,0.00017069742559776846,2.748886086054443e-08,0.027495678213420544
43.40576832748602,0.8507530592187261,0.2555407176602238,1.7052942791509289e-06,0.00017069746597729327,2.6934568752909588e-08,0.0274956743682295
43.40576832748602,0.8594342128842233,0.2555407181327732,1.7015436568801425e-06,0.00017069746721354073,2.688706811566414e-08,0.027495673765543932
43.40576832748602,0.8681153665497207,0.25554071665122174,1.701222243476095e-06,0.0001706974664084238,2.6882997509288958e-08,0.027495673601455863
47.14339563239753,0.008681153665497206,0.04170247436757763,0.22421506522687462,1.839174978706632e-05,0.0023392531077398642,0.09999999999993242
47.14339563239753,0.017362307330994413,0.041702474367610896,0.22421506522683313,1.8391749787082157e-05,0.0023392531077395797,0.09999999999986485
47.14339563239753,0.026043460996491616,0.04170247436764417,0.22421506522679163,1.8391749787097997e-05,0.002339253107739295,0.09999999999979726
47.14339563239753,0.034724614661988826,0.04170247436767739,0.22421506522675017,1.839174978711381e-05,0.0023392531077390103,0.0999999999997297
47.14339563239753,0.04340576832748603,0.041702474367710664,0.22421506522670867,1.839174978712965e-05,0.0023392531077387254,0.09999999999966211
47.14339563239753,0.05208692199298323,0.04170247436774392,0.22421506522666718,1.839174978714548e-05,0.0023392531077384405,0.09999999999959452
47.14339563239753,0.060768075658480435,0.04170247436777718,0.2242150652266257,1.8391749787161314e-05,0.002339253107738156,0.09999999999952695
47.14339563239753,0.06944922932397765,0.041702474367810445,0.22421506522658421,1.8391749787177147e-05,0.002339253107737871,0.09999999999945937
47.14339563239753,0.07813038298947485,0.04170247436784367,0.22421506522654278,1.839174978719296e-05,0.0023392531077375866,0.0999999999993918
47.14339563239753,0.08681153665497206,0.04170247436787693,0.22421506522650128,1.8391749787208795e-05,0.0023392531077373016,0.09999999999932421
47.14339563239753,0.09549269032046925,0.0417024743679102,0.2242150652264598,1.839174978722463e-05,0.0023392531077370167,0.09999999999925663
47.14339563239753,0.10417384398596646,0.04170247436794345,0.2242150652264183,1.839174978724046e-05,0.0023392531077367326,0.09999999999918906
47.14339563239753,0.11285499765146367,0.04170247436797672,0.2242150652263768,1.83917497872563e-05,0.0023392531077364477,0.09999999999912147
47.14339563239753,0.12153615131696087,0.04170247436800999,0.22421506522633533,1.839174978727213e-05,0.0023392531077361628,0.0999999999990539
47.14339563239753,0.1302173049824581,0.041702474368043245,0.22421506522629386,1.8391749787287966e-05,0.002339253107735878,0.09999999999898632
47.14339563239753,0.1388984586479553,0.04170247436807651,0.22421506522625237,1.83917497873038e-05,0.002339253107735593,0.09999999999891873
47.14339563239753,0.14757961231345249,0.04170247436810973,0.22421506522621093,1.8391749787319614e-05,0.002339253107735309,0.09999999999885116
47.14339563239753,0.1562607659789497,0.04170247436814299,0.22421506522616944,1.8391749787335447e-05,0.002339253107735024,0.09999999999878358
47.14339563239753,0.16494191964444693,0.041702474368176264,0.22421506522612794,1.8391749787351286e-05,0.002339253107734739,0.099999999998716
47.14339563239753,0.17362307330994411,0.041702474368209515,0.22421506522608645,1.839174978736711e-05,0.0023392531077344545,0.09999999999864842
47.14339563239753,0.18230422697544132,0.04170247436824279,0.22421506522604495,1.839174978738295e-05,0.0023392531077341696,0.09999999999858084
47.14339563239753,0.1909853806409385,0.041702474368276045,0.22421506522600348,1.839174978739878e-05,0.002339253107733885,0.09999999999851326
47.14339563239753,0.19966653430643572,0.04170247436830931,0.22421506522596202,1.8391749787414614e-05,0.0023392531077336,0.09999999999844568
47.14339563239753,0.20834768797193293,0.04170247436834257,0.22421506522592052,1.839174978743045e-05,0.0023392531077333152,0.09999999999837811
47.14339563239753,0.21702884163743016,0.04170247436837579,0.2242150652258791,1.839174978744627e-05,0.002339253107733031,0.09999999999831052
47.14339563239753,0.22570999530292735,0.041702474368409057,0.22421506522583762,1.83917497874621e-05,0.0023392531077327467,0.09999999999824294
47.14339563239753,0.23439114896842456,0.04170247436844232,0.22421506522579615,1.8391749787477935e-05,0.0023392531077324617,0.09999999999817537
47.14339563239753,0.24307230263392174,0.04170247436847558,0.22421506522575468,1.8391749787493757e-05,0.002339253107732177,0.09999999999810778
47.14339563239753,0.2517534562994189,0.041702474368508845,0.2242150652257132,1.83917497875096e-05,0.0023392531077318923,0.09999999999804021
47.14339563239753,0.2604346099649162,0.041702474368542054,0.22421506522567175,1.8391749787525406e-05,0.002339253107731608,0.09999999999797277
47.14339563239753,0.2691157636304134,0.041702474368575326,0.22421506522563026,1.8391749787541245e-05,0.002339253107731323,0.09999999999790518
47.14339563239753,0.2777969172959106,0.041702474368608584,0.22421506522558876,1.8391749787557078e-05,0.0023392531077310375,0.0999999999978376
47.14339563239753,0.28647807096140776,0.041702474368641856,0.22421506522554727,1.8391749787572918e-05,0.0023392531077307535,0.09999999999777003
47.14339563239753,0.29515922462690497,0.041702474368675115,0.22421506522550577,1.839174978758875e-05,0.002339253107730469,0.09999999999770244
47.14339563239753,0.30384037829240224,0.04170247436870839,0.2242150652254643,1.8391749787604583e-05,0.002339253107730184,0.09999999999763487
47.14339563239753,0.3125215319578994,0.04170247436874164,0.22421506522542284,1.8391749787620413e-05,0.002339253107729899,0.09999999999756728
47.14339563239753,0.3212026856233966,0.04170247436877491,0.22421506522538134,1.8391749787636252e-05,0.002339253107729614,0.0999999999974997
47.14339563239753,0.32988383928889387,0.04170247436880817,0.22421506522533985,1.8391749787652085e-05,0.0023392531077293297,0.09999999999743213
47.14339563239753,0.338564992954391,0.04170247436884144,0.22421506522529838,1.839174978766792e-05,0.0023392531077290448,0.09999999999736454
47.14339563239753,0.34724614661988823,0.041702474368874705,0.22421506522525692,1.8391749787683754e-05,0.0023392531077287603,0.09999999999729697
47.14339563239753,0.3559273002853854,0.04170247436890797,0.22421506522521542,1.8391749787699593e-05,0.002339253107728476,0.09999999999722939
47.14339563239753,0.36460845395088265,0.041702474368941235,0.22421506522517393,1.8391749787715426e-05,0.002339253107728191,0.0999999999971618
47.14339563239753,0.37328960761637986,0.04170247436897451,0.22421506522513243,1.839174978773126e-05,0.002339253107727906,0.09999999999709423
47.14339563239753,0.381970761281877,0.04170247436900773,0.224215065225091,1.8391749787747078e-05,0.0023392531077276214,0.09999999999702665
47.14339563239753,0.3906519149473743,0.041702474369041,0.2242150652250495,1.8391749787762914e-05,0.0023392531077273365,0.09999999999695908
47.14339563239753,0.39933306861287143,0.041702474369074254,0.22421506522500803,1.839174978777874e-05,0.002339253107727052,0.09999999999689149
47.14339563239753,0.4080142222783687,0.04170247436910752,0.22421506522496654,1.839174978779458e-05,0.002339253107726767,0.09999999999682391
47.14339563239753,0.41669537594386585,0.041702474369140784,0.22421506522492507,1.839174978781041e-05,0.002339253107726482,0.09999999999675634
47.14339563239753,0.42537652960936306,0.041702474369174056,0.22421506522488358,1.8391749787826252e-05,0.0023392531077261977,0.09999999999668875
47.14339563239753,0.43405768327486033,0.041702474369207314,0.22421506522484208,1.839174978784208e-05,0.002339253107725913,0.09999999999662118
47.14339563239753,0.4427388369403575,0.041702474369240586,0.22421506522480059,1.839174978785792e-05,0.002339253107725628,0.0999999999965536
47.14339563239753,0.4514199906058547,0.04170247436927381,0.22421506522475915,1.8391749787873733e-05,0.0023392531077253433,0.09999999999648601
47.14339563239753,0.46010114427135185,0.04170247436930703,0.2242150652247177,1.839174978788955e-05,0.002339253107725059,0.09999999999641844
47.14339563239753,0.4687822979368491,0.041702474369340256,0.22421506522467624,1.8391749787905365e-05,0.0023392531077247743,0.09999999999635086
47.14339563239753,0.4774634516023463,0.04170247436937353,0.22421506522463475,1.8391749787921204e-05,0.00233925310772449,0.09999999999628328
47.14339563239753,0.4861446052678435,0.041702474369406786,0.22421506522459325,1.8391749787937037e-05,0.002339253107724205,0.0999999999962157
47.14339563239753,0.49482575893334074,0.04170247436944002,0.2242150652245518,1.8391749787952853e-05,0.0023392531077239204,0.09999999999614811
47.14339563239753,0.5035069125988378,0.041702474369473275,0.22421506522451032,1.8391749787968685e-05,0.0023392531077236355,0.09999999999608054
47.14339563239753,0.5121880662643351,0.04170247436950655,0.22421506522446885,1.8391749787984525e-05,0.002339253107723351,0.09999999999601296
47.14339563239753,0.5208692199298324,0.041702474369539805,0.22421506522442736,1.8391749788000354e-05,0.002339253107723066,0.09999999999594539
47.14339563239753,0.5295503735953295,0.04170247436957308,0.22421506522438586,1.8391749788016194e-05,0.002339253107722781,0.0999999999958778
47.14339563239753,0.5382315272608268,0.0417024743696063,0.2242150652243444,1.8391749788032006e-05,0.0023392531077224966,0.09999999999581022
47.14339563239753,0.546912680926324,0.04170247436963957,0.2242150652243029,1.839174978804785e-05,0.0023392531077222117,0.09999999999574265
47.14339563239753,0.5555938345918212,0.04170247436967283,0.2242150652242614,1.839174978806368e-05,0.0023392531077219268,0.09999999999567506
47.14339563239753,0.5642749882573184,0.041702474369706054,0.22421506522421997,1.8391749788079498e-05,0.0023392531077216423,0.09999999999560749
47.14339563239753,0.5729561419228155,0.041702474369739284,0.22421506522417853,1.839174978809531e-05,0.0023392531077213578,0.0999999999955399
47.14339563239753,0.5816372955883128,0.04170247436977251,0.22421506522413706,1.8391749788111126e-05,0.0023392531077210737,0.09999999999547232
47.14339563239753,0.5903184492538099,0.041702474369805766,0.22421506522409557,1.8391749788126962e-05,0.002339253107720789,0.09999999999540475
47.14339563239753,0.5989996029193072,0.04170247436983904,0.22421506522405407,1.83917497881428e-05,0.002339253107720504,0.09999999999533717
47.14339563239753,0.6076807565848045,0.041702474369872296,0.2242150652240126,1.839174978815863e-05,0.002339253107720219,0.0999999999952696
47.14339563239753,0.6163619102503016,0.04170247436990556,0.22421506522397114,1.839174978817446e-05,0.002339253107719934,0.09999999999520201
47.14339563239753,0.6250430639157988,0.04170247436993881,0.22421506522392967,1.8391749788190293e-05,0.00233925310771965,0.09999999999513443
47.14339563239753,0.6337242175812959,0.041702474369972084,0.22421506522388818,1.839174978820613e-05,0.0023392531077193655,0.09999999999506685
47.14339563239753,0.6424053712467932,0.04170247437000534,0.22421506522384668,1.8391749788221962e-05,0.00233925310771908,0.09999999999499927
47.14339563239753,0.6510865249122904,0.041702474370038566,0.22421506522380522,1.8391749788237778e-05,0.0023392531077187956,0.0999999999949317
47.14339563239753,0.6597676785777877,0.04170247437007183,0.22421506522376372,1.839174978825361e-05,0.0023392531077185107,0.09999999999486411
47.14339563239753,0.6684488322432849,0.0417024743701051,0.22421506522372223,1.839174978826945e-05,0.002339253107718226,0.09999999999479653
47.14339563239753,0.677129985908782,0.04170247437013836,0.22421506522368076,1.8391749788285283e-05,0.0023392531077179412,0.09999999999472896
47.14339563239753,0.6858111395742792,0.04170247437017158,0.22421506522363932,1.839174978830109e-05,0.002339253107717657,0.09999999999466151
47.14339563239753,0.6944922932397765,0.041702474370204835,0.22421506522359783,1.8391749788316928e-05,0.0023392531077173723,0.09999999999459393
47.14339563239753,0.7031734469052736,0.04170247437023811,0.22421506522355633,1.8391749788332764e-05,0.0023392531077170873,0.09999999999452636
47.14339563239753,0.7118546005707708,0.041702474370271365,0.22421506522351484,1.8391749788348597e-05,0.0023392531077168024,0.09999999999445877
47.14339563239753,0.7205357542362681,0.04170247437030458,0.22421506522347337,1.839174978836441e-05,0.002339253107716518,0.09999999999439133
47.14339563239753,0.7292169079017653,0.04170247437033785,0.22421506522343188,1.839174978838024e-05,0.002339253107716233,0.09999999999432374
47.14339563239753,0.7378980615672625,0.04170247437037111,0.2242150652233904,1.8391749788396078e-05,0.0023392531077159485,0.09999999999425617
47.14339563239753,0.7465792152327597,0.04170247437040438,0.2242150652233489,1.839174978841191e-05,0.0023392531077156636,0.09999999999418858
47.14339563239753,0.7552603688982569,0.04170247437043765,0.22421506522330742,1.8391749788427754e-05,0.0023392531077153786,0.09999999999412101
47.14339563239753,0.763941522563754,0.04170247437047087,0.22421506522326598,1.8391749788443563e-05,0.0023392531077150946,0.09999999999405343
47.14339563239753,0.7726226762292513,0.041702474370504145,0.22421506522322449,1.8391749788459405e-05,0.0023392531077148096,0.09999999999398584
47.14339563239753,0.7813038298947486,0.0417024743705374,0.224215065223183,1.8391749788475235e-05,0.0023392531077145243,0.09999999999391827
47.14339563239753,0.7899849835602457,0.04170247437057062,0.22421506522314152,1.8391749788491047e-05,0.0023392531077142398,0.09999999999385083
47.14339563239753,0.7986661372257429,0.04170247437119477,0.22421506522248444,1.83917497888033e-05,0.0023392531077087615,0.09999999999309944
47.14339563239753,0.8073472908912401,0.041702474416025266,0.22421506517537979,1.8391749811256762e-05,0.0023392531073107904,0.0999999999393601
47.14339563239753,0.8160284445567374,0.041702477590647206,0.22421506183967085,1.839175140124741e-05,0.002339253079129484,0.09999999613392141
47.14339563239753,0.8247095982222346,0.04170270234086702,0.2242148256850834,1.839186396607972e-05,0.002339251084009517,0.09999972672522615
47.14339563239753,0.8333907518877317,0.04171861060878172,0.22419811021834674,1.8399831700313808e-05,0.002339109866702744,0.0999806614869119
47.14339563239753,0.842071905553229,0.04282946229154019,0.22303100547735358,1.8957046068238063e-05,0.002329254491396953,0.09866871119752102
47.14339563239753,0.8507530592187261,0.08629967249374258,0.17741771340235563,4.2237451735879744e-05,0.0019374462863704194,0.06524611771752702
47.14339563239753,0.8594342128842233,0.2135878380536846,0.04397528977273512,0.00013266131927834225,0.0005408746657025306,0.03227511964712207
47.14339563239753,0.8681153665497207,0.2512632748977543,0.0044846582450629065,0.00016663416324847147,5.657583945924113e-05,0.028075802934058848
