time_s,position_m,C_H2_kmol_per_m3,C_CH4_kmol_per_m3,y_CH4_mol_percent,q_H2,q_CH4,u_m_per_s
71.91955277242225,0.011870224362569322,0.07065013312068902,0.12129581448478365,63.192693567095304,3.5744263067344244e-05,0.001451745129632535,0.0999999999999542
71.91955277242225,0.023740448725138644,0.07065013312073047,0.12129581448474232,63.19269356707373,3.5744263067367764e-05,0.0014517451296321446,0.09999999999990838
71.91955277242225,0.03561067308770797,0.07065013312077188,0.12129581448470099,63.192693567052174,3.574426306739128e-05,0.0014517451296317538,0.09999999999986259
71.91955277242225,0.04748089745027729,0.07065013312081334,0.12129581448465966,63.1926935670306,3.574426306741481e-05,0.0014517451296313633,0.09999999999981678
71.91955277242225,0.0593511218128466,0.07065013312085475,0.12129581448461836,63.19269356700904,3.5744263067438325e-05,0.001451745129630973,0.09999999999977097
71.91955277242225,0.07122134617541594,0.07065013312089617,0.12129581448457705,63.19269356698748,3.574426306746185e-05,0.0014517451296305825,0.09999999999972516
71.91955277242225,0.08309157053798526,0.0706501331209376,0.12129581448453573,63.19269356696592,3.5744263067485366e-05,0.0014517451296301922,0.09999999999967935
71.91955277242225,0.09496179490055458,0.07065013312097904,0.1212958144844944,63.19269356694436,3.574426306750889e-05,0.0014517451296298016,0.09999999999963355
71.91955277242225,0.1068320192631239,0.07065013312102049,0.12129581448445308,63.192693566922784,3.5744263067532434e-05,0.001451745129629411,0.09999999999958774
71.91955277242225,0.1187022436256932,0.07065013312106191,0.12129581448441176,63.19269356690123,3.574426306755595e-05,0.0014517451296290206,0.09999999999954193
71.91955277242225,0.13057246798826255,0.07065013312110334,0.12129581448437043,63.192693566879655,3.5744263067579475e-05,0.00145174512962863,0.09999999999949612
71.91955277242225,0.14244269235083187,0.07065013312114479,0.1212958144843291,63.1926935668581,3.5744263067603e-05,0.0014517451296282395,0.0999999999994503
71.91955277242225,0.15431291671340117,0.07065013312118622,0.12129581448428778,63.192693566836525,3.5744263067626536e-05,0.001451745129627849,0.09999999999940451
71.91955277242225,0.16618314107597051,0.07065013312122764,0.12129581448424648,63.192693566814974,3.574426306765004e-05,0.0014517451296274585,0.0999999999993587
71.91955277242225,0.17805336543853983,0.07065013312126908,0.12129581448420515,63.1926935667934,3.574426306767358e-05,0.0014517451296270681,0.09999999999931289
71.91955277242225,0.18992358980110916,0.07065013312131052,0.12129581448416382,63.19269356677184,3.57442630676971e-05,0.0014517451296266776,0.09999999999926708
71.91955277242225,0.20179381416367848,0.07065013312135195,0.1212958144841225,63.19269356675027,3.5744263067720624e-05,0.0014517451296262869,0.09999999999922127
71.91955277242225,0.2136640385262478,0.07065013312139339,0.12129581448408117,63.1926935667287,3.574426306774416e-05,0.0014517451296258961,0.09999999999917547
71.91955277242225,0.2255342628888171,0.07065013312143482,0.12129581448403985,63.192693566707135,3.574426306776768e-05,0.001451745129625506,0.09999999999912966
71.91955277242225,0.2374044872513864,0.07065013312147624,0.12129581448399852,63.19269356668558,3.574426306779119e-05,0.0014517451296251153,0.09999999999908385
71.91955277242225,0.24927471161395579,0.07065013312151769,0.1212958144839572,63.192693566664005,3.5744263067814726e-05,0.0014517451296247247,0.09999999999903804
71.91955277242225,0.2611449359765251,0.07065013312155913,0.12129581448391587,63.19269356664243,3.574426306783826e-05,0.0014517451296243342,0.09999999999899223
71.91955277242225,0.2730151603390944,0.07065013312160054,0.12129581448387455,63.19269356662088,3.5744263067861774e-05,0.0014517451296239437,0.09999999999894643
71.91955277242225,0.28488538470166375,0.07065013312164199,0.12129581448383323,63.19269356659931,3.57442630678853e-05,0.0014517451296235532,0.09999999999890062
71.91955277242225,0.29675560906423304,0.07065013312168342,0.1212958144837919,63.19269356657775,3.574426306790883e-05,0.0014517451296231628,0.09999999999885481
71.91955277242225,0.30862583342680233,0.07065013312172486,0.12129581448375058,63.19269356655618,3.574426306793235e-05,0.0014517451296227723,0.099999999998809
71.91955277242225,0.32049605778937174,0.0706501331217663,0.12129581448370926,63.19269356653461,3.574426306795588e-05,0.0014517451296223816,0.09999999999876319
71.91955277242225,0.33236628215194103,0.07065013312180775,0.12129581448366793,63.19269356651305,3.574426306797942e-05,0.0014517451296219913,0.09999999999871739
71.91955277242225,0.3442365065145103,0.07065013312184916,0.1212958144836266,63.192693566491485,3.574426306800293e-05,0.0014517451296216005,0.09999999999867158
71.91955277242225,0.35610673087707967,0.07065013312189061,0.12129581448358527,63.192693566469906,3.574426306802646e-05,0.00145174512962121,0.09999999999862577
71.91955277242225,0.36797695523964896,0.07065013312193201,0.12129581448354397,63.19269356644837,3.5744263068049964e-05,0.0014517451296208197,0.09999999999857996
71.91955277242225,0.3798471796022183,0.07065013312197342,0.12129581448350264,63.192693566426804,3.574426306807348e-05,0.001451745129620429,0.09999999999853415
71.91955277242225,0.3917174039647876,0.07065013312201486,0.12129581448346131,63.19269356640525,3.574426306809701e-05,0.0014517451296200386,0.09999999999848835
71.91955277242225,0.40358762832735695,0.07065013312205631,0.12129581448341999,63.192693566383674,3.5744263068120546e-05,0.0014517451296196479,0.09999999999844254
71.91955277242225,0.41545785268992624,0.07065013312209774,0.12129581448337867,63.19269356636211,3.5744263068144066e-05,0.0014517451296192575,0.09999999999839673
71.91955277242225,0.4273280770524956,0.07065013312213918,0.12129581448333734,63.19269356634054,3.5744263068167594e-05,0.0014517451296188668,0.09999999999835092
71.91955277242225,0.4391983014150649,0.07065013312218062,0.12129581448329602,63.19269356631898,3.574426306819112e-05,0.0014517451296184765,0.09999999999830511
71.91955277242225,0.4510685257776342,0.07065013312222206,0.12129581448325467,63.1926935662974,3.574426306821465e-05,0.0014517451296180857,0.09999999999825931
71.91955277242225,0.4629387501402035,0.0706501331222635,0.12129581448321335,63.192693566275835,3.5744263068238175e-05,0.0014517451296176952,0.0999999999982135
71.91955277242225,0.4748089745027728,0.07065013312230495,0.12129581448317202,63.19269356625426,3.574426306826171e-05,0.0014517451296173047,0.0999999999981677
71.91955277242225,0.4866791988653422,0.07065013312234636,0.12129581448313072,63.19269356623272,3.574426306828522e-05,0.0014517451296169142,0.09999999999812188
71.91955277242225,0.49854942322791157,0.07065013312238781,0.12129581448308939,63.19269356621113,3.574426306830876e-05,0.0014517451296165236,0.09999999999807607
71.91955277242225,0.5104196475904809,0.07065013312242924,0.12129581448304806,63.192693566189575,3.5744263068332284e-05,0.0014517451296161333,0.09999999999803028
71.91955277242225,0.5222898719530502,0.07065013312247066,0.12129581448300675,63.19269356616801,3.57442630683558e-05,0.0014517451296157426,0.09999999999798447
71.91955277242225,0.5341600963156194,0.0706501331225121,0.12129581448296542,63.19269356614645,3.5744263068379325e-05,0.001451745129615352,0.09999999999793865
71.91955277242225,0.5460303206781888,0.07065013312255354,0.12129581448292409,63.19269356612488,3.574426306840286e-05,0.0014517451296149617,0.09999999999789284
71.91955277242225,0.5579005450407581,0.07065013312259498,0.12129581448288276,63.19269356610332,3.5744263068426386e-05,0.001451745129614571,0.09999999999784703
71.91955277242225,0.5697707694033275,0.07065013312263639,0.12129581448284146,63.19269356608176,3.57442630684499e-05,0.0014517451296141804,0.09999999999780124
71.91955277242225,0.5816409937658967,0.07065013312267783,0.12129581448280014,63.1926935660602,3.5744263068473427e-05,0.0014517451296137903,0.09999999999775543
71.91955277242225,0.5935112181284661,0.07065013312271927,0.12129581448275881,63.19269356603863,3.5744263068496954e-05,0.0014517451296133994,0.09999999999770962
71.91955277242225,0.6053814424910354,0.07065013312276071,0.12129581448271748,63.192693566017056,3.574426306852048e-05,0.0014517451296130089,0.0999999999976638
71.91955277242225,0.6172516668536047,0.07065013312280216,0.12129581448267615,63.192693565995484,3.5744263068544015e-05,0.0014517451296126183,0.099999999997618
71.91955277242225,0.629121891216174,0.07065013312284359,0.12129581448263482,63.192693565973926,3.5744263068567535e-05,0.001451745129612228,0.0999999999975722
71.91955277242225,0.6409921155787435,0.070650133122885,0.1212958144825935,63.192693565952354,3.574426306859105e-05,0.001451745129611837,0.09999999999752639
71.91955277242225,0.6528623399413127,0.07065013312292645,0.12129581448255217,63.19269356593079,3.574426306861459e-05,0.001451745129611447,0.09999999999748058
71.91955277242225,0.6647325643038821,0.07065013312296788,0.12129581448251084,63.19269356590922,3.57442630686381e-05,0.0014517451296110562,0.09999999999743477
71.91955277242225,0.6766027886664513,0.07065013312300929,0.12129581448246955,63.19269356588767,3.574426306866162e-05,0.0014517451296106661,0.09999999999738896
71.91955277242225,0.6884730130290206,0.0706501331230507,0.12129581448242825,63.19269356586612,3.5744263068685124e-05,0.0014517451296102756,0.09999999999734316
71.91955277242225,0.70034323739159,0.07065013312309214,0.12129581448238692,63.19269356584455,3.574426306870866e-05,0.001451745129609885,0.09999999999729735
71.91955277242225,0.7122134617541593,0.07065013312313359,0.1212958144823456,63.192693565822985,3.574426306873219e-05,0.0014517451296094945,0.09999999999725154
71.91955277242225,0.7240836861167286,0.070650133123175,0.1212958144823043,63.19269356580143,3.5744263068755705e-05,0.0014517451296091042,0.09999999999720573
71.91955277242225,0.7359539104792979,0.0706501331232164,0.12129581448226301,63.19269356577989,3.5744263068779205e-05,0.001451745129608714,0.09999999999715992
71.91955277242225,0.7478241348418672,0.07065013312325784,0.1212958144822217,63.19269356575832,3.574426306880274e-05,0.0014517451296083236,0.09999999999711412
71.91955277242225,0.7596943592044366,0.07065013312329928,0.12129581448218037,63.19269356573675,3.574426306882626e-05,0.001451745129607933,0.09999999999706831
71.91955277242225,0.771564583567006,0.07065013312334069,0.12129581448213904,63.19269356571519,3.5744263068849774e-05,0.0014517451296075425,0.0999999999970225
71.91955277242225,0.7834348079295752,0.07065013312338214,0.12129581448209771,63.192693565693624,3.5744263068873314e-05,0.001451745129607152,0.09999999999697669
71.91955277242225,0.7953050322921447,0.07065013312342357,0.12129581448205638,63.19269356567205,3.5744263068896835e-05,0.0014517451296067615,0.09999999999693088
71.91955277242225,0.8071752566547139,0.07065013312346499,0.12129581448201508,63.1926935656505,3.574426306892035e-05,0.001451745129606371,0.09999999999688508
71.91955277242225,0.8190454810172833,0.07065013312350643,0.12129581448197375,63.19269356562893,3.574426306894388e-05,0.0014517451296059806,0.09999999999683927
71.91955277242225,0.8309157053798525,0.07065013312354786,0.12129581448193243,63.19269356560737,3.57442630689674e-05,0.0014517451296055899,0.09999999999679346
71.91955277242225,0.8427859297424218,0.07065013312358931,0.1212958144818911,63.1926935655858,3.574426306899094e-05,0.0014517451296051993,0.09999999999674765
71.91955277242225,0.8546561541049912,0.07065013312363076,0.12129581448184977,63.19269356556422,3.5744263069014464e-05,0.0014517451296048086,0.09999999999670184
71.91955277242225,0.8665263784675605,0.0706501331236722,0.12129581448180844,63.192693565542655,3.5744263069038e-05,0.0014517451296044183,0.09999999999665604
71.91955277242225,0.8783966028301298,0.07065013312371361,0.12129581448176713,63.19269356552111,3.5744263069061505e-05,0.0014517451296040278,0.09999999999661023
71.91955277242225,0.8902668271926991,0.07065013312375507,0.1212958144817258,63.192693565499525,3.574426306908505e-05,0.0014517451296036372,0.09999999999656442
71.91955277242225,0.9021370515552684,0.0706501331237965,0.12129581448168447,63.19269356547797,3.574426306910857e-05,0.0014517451296032465,0.09999999999651861
71.91955277242225,0.9140072759178378,0.07065013312383793,0.12129581448164317,63.192693565456395,3.5744263069132086e-05,0.0014517451296028564,0.0999999999964728
71.91955277242225,0.925877500280407,0.07065013312387937,0.12129581448160184,63.19269356543483,3.574426306915562e-05,0.0014517451296024656,0.099999999996427
71.91955277242225,0.9377477246429764,0.07065013312392081,0.12129581448156052,63.19269356541326,3.574426306917915e-05,0.0014517451296020751,0.09999999999638119
71.91955277242225,0.9496179490055456,0.07065013312396222,0.1212958144815192,63.192693565391714,3.574426306920266e-05,0.0014517451296016848,0.09999999999633538
71.91955277242225,0.9614881733681151,0.07065013312400366,0.12129581448147787,63.19269356537014,3.574426306922619e-05,0.0014517451296012943,0.09999999999628957
71.91955277242225,0.9733583977306844,0.07065013312404508,0.12129581448143657,63.19269356534858,3.57442630692497e-05,0.001451745129600904,0.09999999999624376
71.91955277242225,0.9852286220932537,0.07065013312408651,0.12129581448139526,63.19269356532702,3.5744263069273236e-05,0.0014517451296005134,0.09999999999619796
71.91955277242225,0.9970988464558231,0.07065013312412795,0.12129581448135393,63.19269356530546,3.574426306929676e-05,0.001451745129600123,0.09999999999615215
71.91955277242225,1.0089690708183923,0.07065013312437625,0.12129581448110141,63.19269356517528,3.574426306944197e-05,0.0014517451295973825,0.09999999999589045
71.91955277242225,1.0208392951809617,0.07065013312664226,0.12129581447878889,63.19269356398581,3.574426307077065e-05,0.0014517451295720824,0.09999999999353118
71.91955277242225,1.032709519543531,0.07065013314629938,0.12129581445872531,63.19269355366691,3.574426308229261e-05,0.00145174512935275,0.09999999997305908
71.91955277242225,1.0445797439061004,0.07065013331565699,0.12129581428586599,63.19269346476351,3.5744263181559535e-05,0.0014517451274633113,0.09999999979668829
71.91955277242225,1.0564499682686697,0.07065013477346746,0.12129581279791365,63.192692699493435,3.574426403603462e-05,0.0014517451111994986,0.09999999827850897
71.91955277242225,1.068320192631239,0.07065014732077121,0.12129579999118084,63.19268611285133,3.574427139045676e-05,0.001451744971217935,0.09999998521161778
71.91955277242225,1.0801904169938081,0.07065025531328646,0.12129568976580524,63.192629422739365,3.5744334688731125e-05,0.0014517437664206072,0.0999998727472503
71.91955277242225,1.0920606413563776,0.07065118477349265,0.12129474108802477,63.192141507361235,3.5744879479554655e-05,0.0014517333970776002,0.09999890480984286
71.91955277242225,1.1039308657189468,0.07065918349198745,0.12128657698818322,63.18794261710874,3.574956789438728e-05,0.0014516441607267325,0.09999057575979209
71.91955277242225,1.1158010900815163,0.07072795390594111,0.12121638472499321,63.151841616993444,3.578988267653409e-05,0.001450876920724456,0.09991902392755964
71.91955277242225,1.1276713144440855,0.07131448713049646,0.12061772809027947,62.843920157715694,3.6134107764245766e-05,0.001444332143416618,0.09931300677440993
71.91955277242225,1.139541538806655,0.07600082104792971,0.11583472479373778,60.38230521122638,3.8909429271283914e-05,0.0013919508695727444,0.09472767292295119
71.91955277242225,1.1514117631692242,0.1013467718729062,0.08996984006565596,47.02667434574273,5.472228052115e-05,0.0011035380746377203,0.07582234959115539
71.91955277242225,1.1632819875317935,0.14995529697282142,0.04037463031505757,21.21296996766561,8.91664141698859e-05,0.0005143608489611546,0.05482414510245423
71.91955277242225,1.175152211894363,0.17880483459967894,0.01094176820065086,5.766515995105785,0.00011233359356908428,0.00014205309933004536,0.0470919421169248
71.91955277242225,1.1870224362569322,0.1871519376305398,0.0024260625755237906,1.279717357967042,0.00011942261053142215,3.165161471877722e-05,0.04524643866444814
